exec_time,script_exec_time,package_energy,e_cores,st_cores,ht_cores
41.35755681991577,45.02129244804382,2101.333496,0,0,1
20.908948183059692,23.112058639526367,1695.723389,0,0,2
14.83641767501831,18.373302221298218,1727.536072,0,0,3
11.368365287780762,13.52269721031189,1569.787048,0,0,4
9.497054815292358,11.649405002593994,1676.279114,0,0,5
8.179179430007935,10.301387786865234,1583.093445,0,0,6
7.408439636230469,9.524731636047363,1563.336365,0,0,7
6.82039213180542,10.473418474197388,1562.733215,0,0,8
82.30806374549866,84.55790519714355,2324.451477,0,1,0
27.267141103744507,31.551275968551636,1928.556885,0,1,1
17.543033361434937,19.726194858551025,1651.058533,0,1,2
13.090283632278442,15.26863431930542,1647.85083,0,1,3
10.465059995651245,14.12606430053711,1668.844482,0,1,4
8.856143236160278,10.971616744995117,1617.789307,0,1,5
8.012622594833374,10.173225402832031,1631.125305,0,1,6
7.15630841255188,9.283596992492676,1523.244446,0,1,7
41.46043157577515,43.6532199382782,1813.720825,0,2,0
21.45476746559143,25.181344270706177,1756.863281,0,2,1
14.803455114364624,16.994415283203125,1649.532349,0,2,2
11.329535961151123,13.452845811843872,1627.726868,0,2,3
9.5748872756958,11.71997356414795,1701.173889,0,2,4
8.287731885910034,11.866471529006958,1674.968201,0,2,5
7.547388315200806,9.65718150138855,1574.179565,0,2,6
19.208274841308594,21.38031506538391,1644.461121,0,3,0
17.978504180908203,20.17069149017334,1681.280518,0,3,1
12.806792497634888,16.424221992492676,1719.240784,0,3,2
10.477118730545044,12.613592863082886,1682.732788,0,3,3
8.929481267929077,11.082198143005371,1664.647461,0,3,4
7.943155527114868,10.113507747650146,1598.018616,0,3,5
16.036022424697876,18.21487784385681,1610.25647,0,4,0
14.204762697219849,17.79482889175415,1800.599854,0,4,1
11.42214035987854,13.572521448135376,1681.597717,0,4,2
9.529682159423828,11.667469263076782,1712.051819,0,4,3
8.380008459091187,10.516989946365356,1675.761047,0,4,4
13.130443811416626,15.278476476669312,1602.001587,0,5,0
12.390518426895142,15.932374715805054,1753.067139,0,5,1
10.283210515975952,12.393650770187378,1710.995911,0,5,2
8.970221281051636,11.108187198638916,1755.175842,0,5,3
11.344725608825684,13.491205215454102,1630.484436,0,6,0
11.564799547195435,13.760201454162598,1805.288696,0,6,1
9.56391978263855,13.249245405197144,1811.212158,0,6,2
10.10675048828125,12.234214544296265,1645.43219,0,7,0
10.247385263442993,12.374739646911621,1780.885376,0,7,1
9.919167280197144,12.043882846832275,1731.538757,0,8,0
142.65505933761597,145.33598518371582,3385.407288,1,0,0
35.79230713844299,41.84529972076416,2176.435608,1,0,1
22.214102506637573,24.400418758392334,1701.500061,1,0,2
16.189107179641724,19.97014808654785,1652.164429,1,0,3
12.411808252334595,14.567681789398193,1614.383484,1,0,4
10.285358905792236,12.482433080673218,1647.271545,1,0,5
8.915977001190186,11.047794342041016,1711.357788,1,0,6
8.213988780975342,10.388619661331177,1758.512268,1,0,7
7.655599355697632,11.302778244018555,1746.114502,1,0,8
46.495471239089966,48.75935983657837,2204.674683,1,1,0
25.607049465179443,29.336527347564697,1778.810852,1,1,1
17.377225875854492,19.557174921035767,1639.534912,1,1,2
13.338211059570312,15.524338245391846,1687.900208,1,1,3
10.574601888656616,14.194100141525269,1697.841309,1,1,4
9.260468482971191,11.356838464736938,1759.787292,1,1,5
8.060178756713867,10.19616174697876,1662.268982,1,1,6
7.30887246131897,9.50394320487976,1600.420349,1,1,7
32.16710376739502,34.3411021232605,1852.241577,1,2,0
20.334545135498047,24.041348457336426,1711.510559,1,2,1
14.717407941818237,16.895257234573364,1704.325073,1,2,2
11.428879261016846,13.546249628067017,1653.092834,1,2,3
9.764849662780762,11.950693368911743,1772.220581,1,2,4
8.40100646018982,12.062982082366943,1715.767456,1,2,5
7.578081369400024,9.727362871170044,1610.784668,1,2,6
24.169613361358643,26.356548309326172,1706.779602,1,3,0
16.32013726234436,18.509741067886353,1678.398865,1,3,1
12.658238649368286,16.276493549346924,1712.159607,1,3,2
10.424932718276978,12.58577823638916,1787.154419,1,3,3
8.925346374511719,11.046765804290771,1717.394409,1,3,4
8.091597557067871,10.223843336105347,1684.015808,1,3,5
19.611778736114502,21.786965370178223,1636.927429,1,4,0
13.534913778305054,17.16958475112915,1729.735535,1,4,1
11.038523197174072,13.17867136001587,1690.310547,1,4,2
9.320701599121094,11.446846961975098,1746.510376,1,4,3
8.27495527267456,10.424900531768799,1692.546204,1,4,4
15.702781677246094,17.83847188949585,1724.906128,1,5,0
12.083091974258423,15.777110576629639,1779.444519,1,5,1
10.152772426605225,12.3168466091156,1817.440125,1,5,2
8.768162727355957,10.908231973648071,1755.537415,1,5,3
13.344673156738281,15.469458818435669,1711.820557,1,6,0
10.66955852508545,12.813576698303223,1730.804932,1,6,1
9.211057186126709,12.842162609100342,1846.17865,1,6,2
11.956747055053711,14.07540225982666,1775.310608,1,7,0
9.701018571853638,11.822475671768188,1785.116394,1,7,1
10.50626516342163,12.701305150985718,1794.575195,1,8,0
53.25472354888916,55.86675834655762,2300.471558,2,0,0
28.90208077430725,32.6055006980896,1846.917969,2,0,1
19.508352994918823,21.696553468704224,1650.774231,2,0,2
14.906440734863281,17.139277935028076,1660.087585,2,0,3
11.60021185874939,15.314207077026367,1679.524231,2,0,4
9.899974584579468,12.062511920928955,1785.105774,2,0,5
8.629476547241211,10.775367259979248,1721.708191,2,0,6
7.859231948852539,9.958821296691895,1703.12677,2,0,7
8.019690990447998,10.160998582839966,1776.059387,2,0,8
36.14383506774902,38.369380235672,1949.036804,2,1,0
22.558900594711304,26.230507135391235,1810.692932,2,1,1
16.257863998413086,18.444118976593018,1692.06665,2,1,2
12.643570899963379,14.817147016525269,1650.245728,2,1,3
10.550138235092163,12.688077926635742,1687.186584,2,1,4
9.171799182891846,12.769879579544067,1808.855103,2,1,5
8.300239086151123,10.435612678527832,1734.448792,2,1,6
8.011027812957764,10.132053852081299,1736.148743,2,1,7
26.920745849609375,29.14579701423645,1768.496948,2,2,0
17.981600046157837,21.770944595336914,1778.373291,2,2,1
13.68215012550354,15.892400026321411,1731.758728,2,2,2
11.011555671691895,13.149832963943481,1688.285583,2,2,3
9.367327213287354,11.4671630859375,1734.744507,2,2,4
8.398694276809692,12.003294706344604,1772.03894,2,2,5
7.6345789432525635,9.75461483001709,1657.604248,2,2,6
21.494868755340576,23.700701236724854,1671.786987,2,3,0
15.010671854019165,17.209192752838135,1730.738098,2,3,1
11.841394424438477,15.600630044937134,1733.982849,2,3,2
10.167593955993652,12.293067693710327,1803.992188,2,3,3
8.744882345199585,10.89218521118164,1730.905945,2,3,4
7.874504804611206,10.004191637039185,1668.790955,2,3,5
16.91305947303772,19.126813173294067,1677.30658,2,4,0
13.020142316818237,16.5964572429657,1756.081543,2,4,1
10.6071035861969,12.728526592254639,1719.210205,2,4,2
9.195905923843384,11.331104278564453,1762.199585,2,4,3
8.224342346191406,10.43364930152893,1724.000977,2,4,4
14.063735485076904,16.216369152069092,1709.108337,2,5,0
11.440516233444214,15.148173570632935,1843.190308,2,5,1
9.649447917938232,11.812637329101562,1810.20282,2,5,2
8.582517147064209,10.712738752365112,1761.44519,2,5,3
12.440691232681274,14.64369511604309,1754.880127,2,6,0
10.186925888061523,12.343823194503784,1767.594116,2,6,1
9.000483751296997,12.639920234680176,1863.882568,2,6,2
10.801379680633545,12.92110013961792,1775.208435,2,7,0
9.256849527359009,11.383260011672974,1814.804688,2,7,1
9.939514875411987,12.109150171279907,1876.007507,2,8,0
41.48826718330383,44.07537531852722,2047.48584,3,0,0
24.183858394622803,27.87947726249695,1756.026001,3,0,1
17.532353401184082,19.733320474624634,1613.807007,3,0,2
13.200273275375366,15.413339376449585,1620.263977,3,0,3
10.910163402557373,14.607773065567017,1737.125732,3,0,4
9.413803100585938,11.545770168304443,1705.769043,3,0,5
8.517844438552856,10.668445348739624,1813.910278,3,0,6
8.183058500289917,10.307173013687134,1724.349426,3,0,7
8.18406081199646,10.312671184539795,1758.074036,3,0,8
29.091722011566162,31.29581046104431,1812.577942,3,1,0
19.24854040145874,22.912425994873047,1709.796936,3,1,1
14.79719066619873,16.992762804031372,1706.937012,3,1,2
11.664498567581177,13.820272207260132,1644.065125,3,1,3
10.032706022262573,12.244872570037842,1783.691345,3,1,4
8.750330924987793,12.35518765449524,1804.861145,3,1,5
8.054594993591309,10.182744979858398,1696.309692,3,1,6
8.243090152740479,10.377270698547363,1744.144775,3,1,7
22.491493225097656,24.657263040542603,1704.190674,3,2,0
16.061572313308716,18.238837242126465,1663.115356,3,2,1
12.675619125366211,16.463097095489502,1774.373962,3,2,2
10.643969058990479,12.809298515319824,1706.147949,3,2,3
9.341974973678589,11.496619462966919,1814.670837,3,2,4
8.349825620651245,10.488296031951904,1724.996155,3,2,5
8.194629907608032,10.342303037643433,1732.197327,3,2,6
18.191293239593506,21.87487030029297,1734.408325,3,3,0
14.05616021156311,16.258209466934204,1691.188293,3,3,1
11.413893461227417,13.555302381515503,1717.63623,3,3,2
9.811623096466064,11.950414657592773,1769.348877,3,3,3
8.807767629623413,12.410935163497925,1842.85321,3,3,4
7.976630926132202,10.124077320098877,1719.603149,3,3,5
15.362077474594116,17.554757118225098,1759.322266,3,4,0
12.134406328201294,14.30739688873291,1715.110596,3,4,1
10.476698637008667,12.62550973892212,1770.223572,3,4,2
9.189395904541016,12.836179256439209,1836.12561,3,4,3
8.199098348617554,10.335342645645142,1724.29303,3,4,4
13.377100944519043,15.585678815841675,1730.357666,3,5,0
10.998209476470947,13.131545782089233,1741.977356,3,5,1
9.70548963546753,11.862645149230957,1871.395386,3,5,2
8.559767723083496,12.199538707733154,1820.429871,3,5,3
11.482080698013306,13.61093020439148,1822.486145,3,6,0
9.896421432495117,12.04911756515503,1821.217529,3,6,1
9.000205039978027,11.146469354629517,1826.939026,3,6,2
10.342407464981079,12.505002737045288,1807.321411,3,7,0
9.21329379081726,12.888903856277466,1899.075012,3,7,1
9.442299127578735,11.598567008972168,1868.868225,3,8,0
35.30360770225525,37.90345764160156,1944.986145,4,0,0
21.043900966644287,24.780146598815918,1752.032959,4,0,1
16.113224029541016,18.3238468170166,1586.487366,4,0,2
12.39995527267456,14.593275308609009,1615.300964,4,0,3
10.489762783050537,12.646325588226318,1649.132385,4,0,4
9.1557137966156,12.79198408126831,1773.361633,4,0,5
8.415462970733643,10.547990798950195,1768.76532,4,0,6
8.49057126045227,10.602895975112915,1745.208008,4,0,7
8.501812219619751,10.621968030929565,1788.393066,4,0,8
23.65001916885376,25.8734028339386,1770.340881,4,1,0
17.10583209991455,20.825462341308594,1682.724121,4,1,1
13.12746548652649,15.26752257347107,1617.789673,4,1,2
10.957277297973633,13.15447187423706,1641.125122,4,1,3
9.5269033908844,11.691709280014038,1717.213379,4,1,4
8.505724430084229,12.050408124923706,1802.57373,4,1,5
8.537369012832642,10.667869567871094,1735.980347,4,1,6
8.52441930770874,10.655727863311768,1795.030518,4,1,7
18.998024225234985,21.184378623962402,1683.288513,4,2,0
14.854957103729248,17.049485445022583,1741.201843,4,2,1
11.818959474563599,15.439832210540771,1690.037842,4,2,2
10.206139087677002,12.355159997940063,1722.33075,4,2,3
8.888160467147827,11.02307939529419,1767.267151,4,2,4
8.273784875869751,10.42621898651123,1707.542419,4,2,5
8.57916259765625,10.72970986366272,1756.596863,4,2,6
16.274738788604736,18.473539113998413,1665.291809,4,3,0
12.832033634185791,16.55263328552246,1772.889282,4,3,1
10.876402139663696,13.008042812347412,1773.687561,4,3,2
9.388564348220825,11.539371967315674,1796.869934,4,3,3
8.515562295913696,10.643843650817871,1720.735962,4,3,4
8.503786325454712,10.652711391448975,1760.777954,4,3,5
14.392930030822754,17.897872924804688,1730.808533,4,4,0
11.558985710144043,13.696136713027954,1725.664856,4,4,1
10.061996221542358,12.187523603439331,1785.83197,4,4,2
8.915330171585083,11.068918704986572,1736.412659,4,4,3
8.409294128417969,10.572269916534424,1763.047241,4,4,4
12.184796333312988,15.800235033035278,1768.215759,4,5,0
10.661238193511963,12.783482789993286,1848.129272,4,5,1
9.349839687347412,11.510647296905518,1799.425049,4,5,2
8.44729495048523,10.578959226608276,1750.802124,4,5,3
11.060094594955444,13.222826480865479,1758.447205,4,6,0
9.828004598617554,13.502340316772461,1871.037842,4,6,1
8.857187032699585,11.035181045532227,1779.108887,4,6,2
10.036585092544556,12.181495666503906,1833.327881,4,7,0
9.125482082366943,11.323620080947876,1844.020508,4,7,1
9.340294599533081,11.507067680358887,1887.43042,4,8,0
31.470147609710693,34.08277702331543,1857.765686,5,0,0
18.531214475631714,22.2414333820343,1649.288147,5,0,1
13.896556854248047,16.174757480621338,1582.003784,5,0,2
11.40162968635559,13.611106157302856,1598.313599,5,0,3
9.836264848709106,11.995985269546509,1641.702637,5,0,4
8.665782690048218,12.25658917427063,1759.821472,5,0,5
8.514600276947021,10.726346969604492,1840.836792,5,0,6
8.498421669006348,10.656187534332275,1746.457703,5,0,7
8.645028591156006,10.786580801010132,1798.465149,5,0,8
20.815412759780884,23.00045609474182,1672.557312,5,1,0
15.432228326797485,19.06069564819336,1643.769836,5,1,1
12.097224235534668,14.299002408981323,1604.77124,5,1,2
10.344786405563354,12.544968843460083,1633.317627,5,1,3
8.971003770828247,11.18573784828186,1704.064758,5,1,4
8.370943069458008,10.566304922103882,1773.450989,5,1,5
8.505162239074707,12.1651132106781,1804.822998,5,1,6
8.566477537155151,10.719786167144775,1778.797119,5,1,7
16.813225269317627,19.033304929733276,1711.805176,5,2,0
13.091932535171509,15.28130578994751,1626.453369,5,2,1
10.94942593574524,13.16210150718689,1637.032898,5,2,2
9.48958945274353,13.134324073791504,1747.579041,5,2,3
8.46082615852356,10.61211371421814,1749.26239,5,2,4
8.563349962234497,10.687715768814087,1718.274231,5,2,5
8.556232452392578,10.709825038909912,1753.356384,5,2,6
14.965413808822632,17.111575603485107,1749.737061,5,3,0
11.928576231002808,15.686620235443115,1777.325195,5,3,1
10.232767105102539,12.37053656578064,1721.53302,5,3,2
8.842319965362549,10.960508584976196,1770.826172,5,3,3
8.352413415908813,10.511101961135864,1711.613831,5,3,4
8.60360312461853,10.782461881637573,1755.703064,5,3,5
12.822746515274048,16.52469754219055,1731.116821,5,4,0
10.82334041595459,12.975607633590698,1731.278015,5,4,1
9.482138872146606,11.616092681884766,1789.187622,5,4,2
8.657958269119263,10.805752754211426,1745.315552,5,4,3
8.611757516860962,10.72869610786438,1740.36731,5,4,4
11.661394596099854,15.28000807762146,1879.693237,5,5,0
10.098890781402588,12.238805055618286,1791.485474,5,5,1
9.005869626998901,11.162056922912598,1745.285217,5,5,2
8.420119524002075,10.55543303489685,1750.445557,5,5,3
10.592328786849976,12.777786493301392,1785.732483,5,6,0
9.438495635986328,13.447710990905762,1842.473816,5,6,1
8.590494632720947,10.720868110656738,1744.329041,5,6,2
9.79074239730835,11.942418813705444,1851.252991,5,7,0
8.988417625427246,11.147051095962524,1819.115723,5,7,1
9.107337474822998,11.207416772842407,1853.31311,5,8,0
27.10058045387268,29.72466230392456,1755.349426,6,0,0
16.664597749710083,20.393923044204712,1609.39386,6,0,1
12.641901731491089,15.147246837615967,1562.761414,6,0,2
10.683270931243896,12.86254334449768,1593.335266,6,0,3
9.162723779678345,11.334887981414795,1631.150269,6,0,4
8.417899370193481,10.56737232208252,1716.717468,6,0,5
8.444822549819946,12.15663480758667,1875.133179,6,0,6
8.52390742301941,10.675832033157349,1738.393616,6,0,7
8.63359808921814,10.766567945480347,1794.679871,6,0,8
18.27365803718567,20.466788291931152,1624.002686,6,1,0
13.265859127044678,15.467596769332886,1580.572571,6,1,1
11.072688817977905,14.778711318969727,1631.292297,6,1,2
9.66755223274231,11.82132601737976,1640.564819,6,1,3
8.52154541015625,10.66451120376587,1712.46814,6,1,4
8.38660192489624,10.517605304718018,1774.016052,6,1,5
8.634660005569458,10.802283525466919,1793.672363,6,1,6
8.601011037826538,10.75235915184021,1785.715088,6,1,7
15.385584354400635,19.10075831413269,1732.353577,6,2,0
12.019036769866943,14.177286863327026,1622.522339,6,2,1
10.29361605644226,12.448368787765503,1648.14917,6,2,2
8.957069873809814,11.108986139297485,1707.12915,6,2,3
8.270657062530518,10.413490056991577,1764.303772,6,2,4
8.527068614959717,12.192117691040039,1791.816345,6,2,5
8.576211929321289,10.699895143508911,1772.721558,6,2,6
13.06657075881958,15.282567262649536,1689.083801,6,3,0
11.044594764709473,13.223019361495972,1677.108887,6,3,1
9.551429986953735,11.747095108032227,1733.255737,6,3,2
8.423285722732544,12.212104320526123,1831.148438,6,3,3
8.578397750854492,10.739617824554443,1713.884338,6,3,4
8.598472118377686,10.72649884223938,1767.214233,6,3,5
11.766901016235352,13.96882939338684,1694.670288,6,4,0
10.27288818359375,12.421621322631836,1736.247009,6,4,1
8.93414855003357,11.875521898269653,1806.474426,6,4,2
8.405914545059204,11.14262843132019,1737.223877,6,4,3
8.638746976852417,10.771894693374634,1736.794434,6,4,4
10.839836835861206,12.998830080032349,1827.924133,6,5,0
9.480532884597778,11.643471717834473,1780.669495,6,5,1
8.689733743667603,10.879135131835938,1758.731506,6,5,2
8.57599139213562,11.39664077758789,1781.034546,6,5,3
10.03752064704895,12.847548723220825,1822.501587,6,6,0
9.050405979156494,11.197450160980225,1746.832642,6,6,1
8.50680685043335,10.666173934936523,1755.647339,6,6,2
9.458639144897461,11.602076292037964,1809.501892,6,7,0
8.525670528411865,10.638514995574951,1764.551086,6,7,1
8.836741209030151,11.760659456253052,1839.834106,6,8,0
23.917551517486572,27.23050546646118,1714.77179,7,0,0
14.461875200271606,16.70720338821411,1624.241028,7,0,1
11.606450319290161,13.786803960800171,1549.783752,7,0,2
9.991133689880371,12.932019472122192,1616.718994,7,0,3
8.761455059051514,11.63072395324707,1656.386902,7,0,4
8.41626763343811,10.550018310546875,1726.109192,7,0,5
8.422260046005249,10.63603663444519,1769.987732,7,0,6
8.569367408752441,10.71147346496582,1753.523193,7,0,7
8.598820686340332,10.817272424697876,1795.256104,7,0,8
16.71679449081421,19.760645389556885,1687.118042,7,1,0
12.234187126159668,15.108486652374268,1674.258972,7,1,1
10.405041456222534,12.55670952796936,1602.974121,7,1,2
9.046245574951172,11.217839241027832,1631.782898,7,1,3
8.375142812728882,10.505703926086426,1724.520996,7,1,4
8.40229320526123,11.279653787612915,1791.258728,7,1,5
8.556059122085571,11.364477396011353,1767.394043,7,1,6
8.613444805145264,10.820440530776978,1778.31427,7,1,7
13.340076208114624,15.535979509353638,1608.889099,7,2,0
11.148947954177856,13.349265813827515,1691.111877,7,2,1
9.616175889968872,12.569766283035278,1662.923157,7,2,2
8.653149604797363,11.503684043884277,1807.077087,7,2,3
8.410492181777954,10.535923480987549,1760.817444,7,2,4
8.54460334777832,10.678418159484863,1747.677856,7,2,5
8.583108901977539,10.698076486587524,1772.618713,7,2,6
11.942842245101929,14.10598611831665,1650.232605,7,3,0
10.35060715675354,13.321383953094482,1691.228149,7,3,1
9.030096292495728,11.883198738098145,1750.12738,7,3,2
8.317461490631104,10.463500738143921,1764.075195,7,3,3
8.623952150344849,10.756195068359375,1763.331909,7,3,4
8.647741317749023,10.78752064704895,1785.642761,7,3,5
10.902019739151001,13.095421075820923,1769.438171,7,4,0
9.57395052909851,12.563912868499756,1751.338135,7,4,1
8.528395414352417,11.337157249450684,1776.995483,7,4,2
8.620925188064575,10.760722637176514,1715.710754,7,4,3
8.671163320541382,10.799132585525513,1769.672424,7,4,4
10.248576402664185,12.374636888504028,1764.228394,7,5,0
8.986215114593506,11.171787023544312,1780.862183,7,5,1
8.46488642692566,11.34281849861145,1756.926514,7,5,2
8.665735006332397,11.457569599151611,1795.919861,7,5,3
9.478872299194336,11.621058464050293,1817.555237,7,6,0
8.662757635116577,10.809167385101318,1712.754517,7,6,1
8.712832927703857,10.877012252807617,1782.838501,7,6,2
9.002557754516602,11.148268222808838,1774.754883,7,7,0
8.505768537521362,11.442758560180664,1809.420715,7,7,1
8.589276790618896,11.44648289680481,1792.969116,7,8,0
21.629244327545166,24.224736213684082,1614.403748,8,0,0
12.982731103897095,15.166635274887085,1534.085449,8,0,1
11.042816638946533,14.036179542541504,1656.454529,8,0,2
9.356817960739136,12.242127656936646,1596.717529,8,0,3
8.525905847549438,10.745020627975464,1662.970154,8,0,4
8.438303232192993,10.610322713851929,1748.057983,8,0,5
8.428374290466309,10.584934711456299,1780.218445,8,0,6
8.550554513931274,10.685181856155396,1766.196167,8,0,7
8.620195388793945,11.573718786239624,1836.169861,8,0,8
14.7005774974823,17.518210411071777,1579.782166,8,1,0
11.22797441482544,13.402004957199097,1549.376526,8,1,1
9.707724809646606,11.97190237045288,1574.553101,8,1,2
8.704311847686768,10.907662153244019,1709.036926,8,1,3
8.426532983779907,11.355942249298096,1749.988708,8,1,4
8.413555145263672,11.251557350158691,1812.800476,8,1,5
8.620266914367676,10.759680032730103,1771.933044,8,1,6
8.644442319869995,10.791185855865479,1790.733398,8,1,7
12.146948337554932,14.352948665618896,1592.750183,8,2,0
10.460420608520508,12.620502948760986,1602.537231,8,2,1
9.057947397232056,12.747960567474365,1676.211609,8,2,2
8.388007879257202,10.503793478012085,1729.394836,8,2,3
8.504862785339355,10.64446759223938,1779.595459,8,2,4
8.569032430648804,10.69651484489441,1758.537537,8,2,5
8.76183032989502,11.006690263748169,1822.152222,8,2,6
11.037470579147339,13.251601696014404,1629.208435,8,3,0
9.701962947845459,13.427035570144653,1773.301636,8,3,1
8.507323265075684,10.653953552246094,1712.326965,8,3,2
8.45858120918274,10.597094774246216,1764.412231,8,3,3
8.615564823150635,10.749076843261719,1745.501465,8,3,4
8.698034763336182,10.799423217773438,1795.378845,8,3,5
10.31668758392334,12.523061752319336,1681.999695,8,4,0
9.020859956741333,12.530351161956787,1774.274292,8,4,1
8.335004568099976,10.481435775756836,1776.96521,8,4,2
8.730810165405273,10.90667200088501,1771.809631,8,4,3
8.716139316558838,10.893831014633179,1781.568787,8,4,4
9.609227180480957,11.819838285446167,1782.113464,8,5,0
8.596028566360474,10.737650632858276,1783.805847,8,5,1
8.613022565841675,12.167911767959595,1790.360596,8,5,2
8.6771080493927,10.839486360549927,1779.847168,8,5,3
8.941457271575928,11.075949907302856,1796.970032,8,6,0
8.55845832824707,10.718652248382568,1747.292053,8,6,1
8.706395626068115,10.831059217453003,1765.975098,8,6,2
8.6172935962677,10.795256853103638,1727.487732,8,7,0
8.652365922927856,12.201585292816162,1830.384521,8,7,1
8.682527542114258,10.828203201293945,1775.015198,8,8,0
20.609004020690918,23.16146421432495,1640.309753,9,0,0
11.869774103164673,14.11902666091919,1534.940735,9,0,1
10.145034313201904,13.820613622665405,1603.864197,9,0,2
8.845388650894165,11.032609462738037,1582.838806,9,0,3
8.422579765319824,10.616544485092163,1662.790405,9,0,4
8.479611873626709,10.637672424316406,1727.620239,9,0,5
8.5326988697052,10.678184509277344,1787.807434,9,0,6
8.630592107772827,10.770549297332764,1780.695251,9,0,7
8.7953360080719,12.452606439590454,1858.992371,9,0,8
13.23609709739685,15.44444227218628,1560.853943,9,1,0
10.680896043777466,12.902902364730835,1666.95636,9,1,1
9.130293607711792,11.382005453109741,1591.23175,9,1,2
8.359354734420776,10.544330835342407,1648.549255,9,1,3
8.464035034179688,11.916807413101196,1772.629028,9,1,4
8.567156553268433,10.715111017227173,1771.138611,9,1,5
8.624785423278809,10.78462290763855,1760.839294,9,1,6
8.717939615249634,10.84523344039917,1806.808777,9,1,7
11.223438739776611,13.404168844223022,1581.398865,9,2,0
9.88448166847229,12.082771062850952,1705.093384,9,2,1
8.576617956161499,12.25524115562439,1696.171509,9,2,2
8.569618463516235,10.719611644744873,1745.509644,9,2,3
8.518444538116455,10.663744449615479,1763.505554,9,2,4
8.650119543075562,10.808444261550903,1756.128418,9,2,5
8.726983785629272,10.887463331222534,1796.912659,9,2,6
10.399078607559204,12.601271152496338,1628.459778,9,3,0
9.078078985214233,12.714691877365112,1702.069519,9,3,1
8.393325090408325,10.547692060470581,1728.871399,9,3,2
8.55769944190979,10.698521137237549,1766.453979,9,3,3
8.632622480392456,10.766233205795288,1761.377258,9,3,4
8.834566116333008,10.969086408615112,1799.987488,9,3,5
9.614718437194824,11.815391778945923,1678.322754,9,4,0
8.785607814788818,12.593302965164185,1830.321472,9,4,1
8.546730518341064,10.685129642486572,1755.769348,9,4,2
8.670377731323242,10.796787977218628,1742.31897,9,4,3
8.758293390274048,10.910515546798706,1795.898926,9,4,4
9.064242839813232,11.235025882720947,1752.698181,9,5,0
8.44299054145813,10.553380489349365,1793.170776,9,5,1
8.639005899429321,12.327668190002441,1801.551819,9,5,2
8.86980414390564,11.030379056930542,1789.808044,9,5,3
8.726945877075195,11.132684230804443,1814.002502,9,6,0
9.097031116485596,11.768863201141357,1752.342529,9,6,1
8.764882802963257,10.984483003616333,1782.389221,9,6,2
8.674434423446655,11.026193857192993,1796.802979,9,7,0
8.732876062393188,14.938846826553345,1850.656677,9,7,1
8.753703355789185,11.09671401977539,1762.748657,9,8,0
18.501953601837158,21.351696014404297,1554.998413,10,0,0
11.239979982376099,13.638056993484497,1563.145142,10,0,1
9.586669921875,13.117865324020386,1603.562988,10,0,2
8.619943618774414,11.60911226272583,1666.787537,10,0,3
8.553713083267212,10.76347827911377,1669.107483,10,0,4
8.52011775970459,10.687416553497314,1681.435913,10,0,5
8.792609691619873,10.957231998443604,1799.511475,10,0,6
8.879048109054565,11.035875082015991,1784.160461,10,0,7
8.71940279006958,12.283282041549683,1855.472229,10,0,8
12.53847885131836,15.910301923751831,1617.63324,10,1,0
9.840778827667236,12.299247026443481,1590.429016,10,1,1
8.74345588684082,10.96150541305542,1611.956848,10,1,2
8.537923574447632,10.838451623916626,1642.406189,10,1,3
8.579346418380737,11.542644500732422,1717.169067,10,1,4
8.659204483032227,11.836945056915283,1824.698792,10,1,5
8.662898063659668,10.817100524902344,1775.683899,10,1,6
8.908040046691895,11.125225067138672,1805.24646,10,1,7
10.503259658813477,12.681596994400024,1610.533752,10,2,0
9.195472478866577,11.412764549255371,1628.678284,10,2,1
8.402522087097168,11.44096064567566,1682.725769,10,2,2
8.570072412490845,11.492623090744019,1701.528748,10,2,3
8.590253829956055,10.734564304351807,1733.596313,10,2,4
8.69521689414978,10.780120134353638,1775.920593,10,2,5
8.74582052230835,10.886768102645874,1801.754211,10,2,6
9.795077800750732,12.086542129516602,1706.802307,10,3,0
8.657933950424194,11.779223680496216,1701.611023,10,3,1
8.53111219406128,11.386646747589111,1722.594788,10,3,2
8.704674005508423,10.901916265487671,1728.956238,10,3,3
8.686353206634521,10.840751886367798,1751.955688,10,3,4
8.768237590789795,10.911590576171875,1788.869263,10,3,5
9.045153379440308,11.252535581588745,1688.776733,10,4,0
8.490948677062988,11.522194385528564,1747.161255,10,4,1
8.616070985794067,11.442203998565674,1727.125244,10,4,2
8.701190948486328,10.848801612854004,1749.636597,10,4,3
8.774139165878296,10.96754789352417,1786.3078,10,4,4
8.806400299072266,10.996030330657959,1766.602478,10,5,0
8.606706380844116,10.759955644607544,1715.939819,10,5,1
8.75001311302185,11.72442102432251,1790.268677,10,5,2
8.771912813186646,11.62841248512268,1804.982666,10,5,3
8.48014211654663,10.605026721954346,1792.730042,10,6,0
8.721969366073608,10.865654230117798,1715.527588,10,6,1
8.797147750854492,11.368068933486938,1765.456665,10,6,2
8.612509727478027,10.777283191680908,1742.361877,10,7,0
8.803079605102539,11.731366395950317,1778.620117,10,7,1
8.756358623504639,11.64176082611084,1769.828125,10,8,0
17.8206307888031,20.417903661727905,1606.256165,11,0,0
10.346329927444458,12.641085147857666,1551.924683,11,0,1
9.369838237762451,11.570340633392334,1673.080017,11,0,2
8.546721458435059,11.542945623397827,1624.154907,11,0,3
8.501361846923828,11.434000015258789,1650.301453,11,0,4
8.597481966018677,10.727851629257202,1684.834778,11,0,5
8.568017482757568,10.70664381980896,1749.774536,11,0,6
8.658947944641113,10.789727449417114,1778.891357,11,0,7
8.743926286697388,10.907160520553589,1820.519836,11,0,8
11.351213455200195,14.383028030395508,1612.312317,11,1,0
9.416649103164673,12.403974533081055,1664.507751,11,1,1
8.535718202590942,10.71489667892456,1592.893616,11,1,2
8.494070768356323,11.063008069992065,1631.36377,11,1,3
8.663555383682251,10.899523735046387,1728.810242,11,1,4
8.598229885101318,10.728458642959595,1746.445984,11,1,5
8.682224750518799,11.643651485443115,1798.702148,11,1,6
8.78757095336914,11.564374208450317,1830.513855,11,1,7
9.87908148765564,12.06214189529419,1597.746521,11,2,0
8.755674839019775,10.925330877304077,1599.831421,11,2,1
8.551764488220215,10.74122142791748,1628.040527,11,2,2
8.618465900421143,10.794423818588257,1665.959045,11,2,3
8.726932048797607,11.717712163925171,1785.158813,11,2,4
8.742027997970581,11.607230424880981,1786.183289,11,2,5
8.863174676895142,10.999360799789429,1793.274231,11,2,6
9.200876712799072,11.416364669799805,1625.57666,11,3,0
8.485426425933838,10.684259414672852,1659.707336,11,3,1
8.62035346031189,10.802549123764038,1647.609985,11,3,2
8.636696100234985,11.708376169204712,1740.181824,11,3,3
8.765035152435303,11.639943361282349,1781.054199,11,3,4
8.834243297576904,10.993367910385132,1784.318176,11,3,5
8.69545602798462,10.874021768569946,1651.905212,11,4,0
8.620266675949097,10.78594446182251,1654.251404,11,4,1
9.070253372192383,11.19607162475586,1739.862122,11,4,2
8.720959424972534,11.73182988166809,1774.282043,11,4,3
8.888292074203491,11.708719491958618,1802.45282,11,4,4
8.516865730285645,10.654082298278809,1708.315857,11,5,0
8.692321062088013,10.870622873306274,1671.164551,11,5,1
8.784366130828857,10.922600030899048,1735.33844,11,5,2
8.8850679397583,11.10988163948059,1778.048035,11,5,3
8.5977463722229,11.599081754684448,1749.09259,11,6,0
8.770341873168945,11.592798948287964,1733.654602,11,6,1
8.824100732803345,11.000354290008545,1767.363831,11,6,2
8.7194344997406,10.854854345321655,1739.577209,11,7,0
8.815956354141235,10.995223760604858,1768.962158,11,7,1
8.76326322555542,10.940656661987305,1739.409668,11,8,0
16.14351463317871,19.501216411590576,1629.423889,12,0,0
10.027024269104004,12.913676500320435,1562.414917,12,0,1
8.842601776123047,11.111855030059814,1586.689697,12,0,2
8.551088333129883,10.789440870285034,1574.81842,12,0,3
8.58544397354126,10.777568817138672,1627.066772,12,0,4
8.616239786148071,11.660183429718018,1719.269775,12,0,5
8.670541286468506,10.8055100440979,1741.045532,12,0,6
8.72416377067566,11.617124557495117,1821.580872,12,0,7
8.853166818618774,11.211068868637085,1828.135193,12,0,8
10.810801029205322,13.022035837173462,1579.550842,12,1,0
8.939589738845825,11.27998661994934,1628.764954,12,1,1
8.57669186592102,11.858634233474731,1619.199951,12,1,2
8.653640747070312,10.865998268127441,1631.570557,12,1,3
8.574837684631348,11.543344736099243,1681.605957,12,1,4
8.650256633758545,10.835625886917114,1730.072937,12,1,5
8.721555709838867,10.880953788757324,1771.656799,12,1,6
8.781929731369019,10.950058698654175,1815.53833,12,1,7
9.301129579544067,12.377307891845703,1584.015686,12,2,0
8.723967790603638,10.953726291656494,1656.787903,12,2,1
8.620068550109863,11.597015857696533,1631.239319,12,2,2
8.769749879837036,10.947587490081787,1704.529419,12,2,3
8.64978837966919,10.846837043762207,1722.671265,12,2,4
8.750747203826904,10.912681341171265,1760.887573,12,2,5
8.846969366073608,11.8344247341156,1829.843445,12,2,6
8.741721153259277,10.986891746520996,1574.87384,12,3,0
8.612529993057251,11.64303994178772,1632.271362,12,3,1
8.667092084884644,10.933761596679688,1650.96405,12,3,2
8.674533367156982,10.817348718643188,1712.388977,12,3,3
8.732890129089355,10.857936143875122,1757.94873,12,3,4
8.96283769607544,12.245317459106445,1847.537109,12,3,5
8.745814085006714,10.994970560073853,1651.352844,12,4,0
8.794238805770874,11.672022104263306,1710.622437,12,4,1
8.706398487091064,10.876721858978271,1689.674377,12,4,2
8.789445161819458,10.927979946136475,1744.378845,12,4,3
8.847400188446045,10.990824699401855,1785.13446,12,4,4
8.594317197799683,11.665332317352295,1666.411682,12,5,0
8.726136922836304,10.882059574127197,1684.073303,12,5,1
8.766304969787598,11.940465211868286,1764.422058,12,5,2
8.881633043289185,11.034062147140503,1785.01532,12,5,3
8.80267071723938,10.960699796676636,1702.690002,12,6,0
8.796829462051392,11.097924947738647,1730.629211,12,6,1
8.84424352645874,11.885756492614746,1799.860657,12,6,2
8.924291849136353,11.243149995803833,1744.772461,12,7,0
8.904344320297241,11.787525653839111,1784.793579,12,7,1
8.824346542358398,10.986832618713379,1750.299805,12,8,0
15.288665056228638,18.08413553237915,1517.541565,13,0,0
9.254223585128784,12.290462732315063,1566.852478,13,0,1
8.718580722808838,10.898375511169434,1549.997925,13,0,2
8.615914106369019,11.558506965637207,1613.157288,13,0,3
8.696634531021118,10.880139589309692,1678.909973,13,0,4
8.67368221282959,11.043907165527344,1719.189148,13,0,5
8.725474119186401,10.887519598007202,1744.425049,13,0,6
8.828606128692627,12.126096725463867,1849.609436,13,0,7
8.799577236175537,11.241032361984253,1825.008606,13,0,8
10.250544309616089,13.191446304321289,1590.51593,13,1,0
8.688671827316284,11.086554050445557,1552.189453,13,1,1
8.624010801315308,10.839017391204834,1575.512756,13,1,2
8.6619234085083,10.85374402999878,1620.337036,13,1,3
8.621641874313354,11.517119407653809,1707.953735,13,1,4
8.68267035484314,10.834639549255371,1745.651123,13,1,5
8.89682388305664,11.856878995895386,1812.422607,13,1,6
8.830204725265503,10.971161127090454,1817.160034,13,1,7
9.062753438949585,11.321515798568726,1615.039001,13,2,0
8.589951515197754,10.82994532585144,1568.940552,13,2,1
8.598551273345947,11.690925359725952,1637.670837,13,2,2
8.751949071884155,10.896532773971558,1664.244751,13,2,3
8.69716739654541,11.551006078720093,1755.283997,13,2,4
8.81911015510559,11.446959018707275,1785.407471,13,2,5
8.862260103225708,11.016853094100952,1810.598022,13,2,6
8.572524785995483,10.776369571685791,1578.732239,13,3,0
8.649340867996216,11.818224430084229,1630.443848,13,3,1
8.763938188552856,11.329508304595947,1703.841736,13,3,2
8.70989465713501,11.58740520477295,1740.052551,13,3,3
8.918917655944824,11.072010517120361,1769.860107,13,3,4
8.879698991775513,11.033953428268433,1800.6651,13,3,5
8.651958703994751,10.842997074127197,1590.711914,13,4,0
8.686145544052124,11.7737877368927,1673.69812,13,4,1
8.719701766967773,10.888398885726929,1700.307068,13,4,2
8.81821346282959,11.686257600784302,1773.498108,13,4,3
8.875754117965698,11.06650424003601,1798.853638,13,4,4
8.710170984268188,10.87979531288147,1630.195068,13,5,0
8.83843445777893,10.981019973754883,1728.33313,13,5,1
8.805197477340698,12.267165660858154,1794.1745,13,5,2
8.921901941299438,11.109907865524292,1809.155701,13,5,3
8.787182569503784,12.06253170967102,1743.233032,13,6,0
8.809056520462036,10.948681831359863,1723.204163,13,6,1
8.905895471572876,11.07349443435669,1775.821106,13,6,2
8.822751760482788,11.19654655456543,1730.993103,13,7,0
8.844218015670776,11.791732549667358,1800.400085,13,7,1
8.859144687652588,11.005979537963867,1763.326599,13,8,0
14.299622297286987,17.634074449539185,1547.383972,14,0,0
9.22234058380127,11.548144340515137,1628.869507,14,0,1
8.702560424804688,11.15807294845581,1572.435059,14,0,2
8.681685209274292,11.786559581756592,1656.901917,14,0,3
8.698492288589478,11.043208122253418,1690.550659,14,0,4
8.654273748397827,11.507864952087402,1725.554138,14,0,5
8.691479444503784,10.827351570129395,1768.341492,14,0,6
8.963634014129639,11.526180982589722,1806.777283,14,0,7
8.818444728851318,10.974419116973877,1824.333191,14,0,8
9.649345397949219,12.724453926086426,1579.697083,14,1,0
8.763521909713745,10.956390380859375,1548.428406,14,1,1
8.666298866271973,11.681854963302612,1612.649048,14,1,2
8.914759397506714,11.588528156280518,1707.182495,14,1,3
8.65568733215332,10.961249828338623,1686.698975,14,1,4
8.883378505706787,11.025814056396484,1788.105652,14,1,5
8.787850379943848,11.771527290344238,1818.694397,14,1,6
8.887279272079468,11.050517559051514,1814.303223,14,1,7
8.769171237945557,11.731645345687866,1583.864197,14,2,0
8.73184871673584,11.05471420288086,1570.307373,14,2,1
8.66909384727478,10.864473581314087,1619.326172,14,2,2
8.745912313461304,10.930516242980957,1684.732605,14,2,3
8.718218326568604,11.712636709213257,1754.190186,14,2,4
8.815154552459717,10.942157983779907,1775.855896,14,2,5
8.91614842414856,12.087377786636353,1854.980469,14,2,6
8.66613221168518,10.876875877380371,1558.281128,14,3,0
8.842905044555664,11.048528909683228,1678.61853,14,3,1
8.702310800552368,10.845266103744507,1666.61792,14,3,2
8.696924924850464,11.719624042510986,1755.346008,14,3,3
8.788262605667114,10.91957688331604,1758.602966,14,3,4
8.844326257705688,11.730226755142212,1827.528809,14,3,5
8.715162754058838,10.898584842681885,1600.774475,14,4,0
8.718802452087402,10.917457103729248,1658.529297,14,4,1
8.80909276008606,10.978218078613281,1722.30304,14,4,2
8.974005460739136,12.000503063201904,1805.318115,14,4,3
8.926080226898193,11.07728886604309,1797.162048,14,4,4
8.801877975463867,11.734435081481934,1706.604919,14,5,0
8.844633340835571,11.184833288192749,1717.941772,14,5,1
8.78448748588562,10.941410064697266,1747.8302,14,5,2
8.939443111419678,11.116086721420288,1788.649475,14,5,3
8.79830265045166,12.405840635299683,1747.134827,14,6,0
8.84701657295227,10.98289942741394,1723.58667,14,6,1
8.946201801300049,11.83588695526123,1794.970337,14,6,2
8.823506832122803,10.987711668014526,1717.880676,14,7,0
8.894357681274414,11.033698797225952,1774.650391,14,7,1
9.040205955505371,11.210629940032959,1747.462036,14,8,0
13.130994319915771,16.57053828239441,1588.970764,15,0,0
8.982651710510254,12.841935396194458,1654.671204,15,0,1
8.824013948440552,11.045361518859863,1563.182007,15,0,2
8.67557978630066,10.869578838348389,1606.900024,15,0,3
8.594414234161377,11.185844659805298,1676.80011,15,0,4
8.67819333076477,11.666889905929565,1741.547852,15,0,5
8.718426942825317,10.882853269577026,1752.064392,15,0,6
8.800628900527954,11.708154439926147,1818.523743,15,0,7
8.88210940361023,11.008937358856201,1823.763,15,0,8
9.526557922363281,11.744850635528564,1639.615479,15,1,0
8.765417337417603,10.95304012298584,1553.556091,15,1,1
8.771159172058105,11.74183702468872,1683.534241,15,1,2
8.652863502502441,10.82430386543274,1640.630432,15,1,3
8.681772708892822,11.412508964538574,1713.278198,15,1,4
8.702495574951172,10.860048055648804,1747.753845,15,1,5
8.768296480178833,10.918822050094604,1787.001953,15,1,6
8.8766188621521,11.034399509429932,1807.373596,15,1,7
8.766469955444336,11.705559253692627,1566.150757,15,2,0
8.678446292877197,10.880733728408813,1568.892578,15,2,1
8.628673553466797,11.439671516418457,1655.701538,15,2,2
8.739698648452759,10.942095518112183,1721.964294,15,2,3
8.737188577651978,10.906467199325562,1748.454102,15,2,4
8.874879837036133,11.022719860076904,1782.945557,15,2,5
8.859003067016602,11.805804252624512,1831.90686,15,2,6
8.722073078155518,10.953007221221924,1577.542542,15,3,0
8.691873788833618,11.510907649993896,1645.555603,15,3,1
8.745866060256958,10.877941370010376,1676.448059,15,3,2
8.736007928848267,10.911530256271362,1727.261292,15,3,3
8.830968856811523,10.960076808929443,1763.45575,15,3,4
8.94980263710022,11.878371715545654,1822.717529,15,3,5
8.741163492202759,10.941141366958618,1642.735046,15,4,0
8.748347043991089,11.640865802764893,1681.191528,15,4,1
8.769190549850464,10.895730972290039,1713.939209,15,4,2
8.903029441833496,11.080395221710205,1783.234375,15,4,3
8.971389532089233,11.145318269729614,1796.581421,15,4,4
8.756697416305542,11.694366455078125,1679.342651,15,5,0
8.78865647315979,10.94395112991333,1706.528809,15,5,1
8.83237624168396,11.677840948104858,1774.241272,15,5,2
8.928027629852295,11.065313577651978,1790.207703,15,5,3
8.75165319442749,10.911757707595825,1708.99231,15,6,0
8.812602043151855,10.941302061080933,1752.112183,15,6,1
8.969185590744019,11.906284093856812,1796.284912,15,6,2
8.831984519958496,10.96052074432373,1732.040771,15,7,0
8.980941772460938,11.845862865447998,1792.619812,15,7,1
8.933609247207642,11.102241277694702,1772.560364,15,8,0
12.99055814743042,15.562886714935303,1613.955872,16,0,0
8.981179475784302,11.954519510269165,1572.433777,16,0,1
8.76165246963501,10.949440240859985,1584.897705,16,0,2
8.660694122314453,11.515098571777344,1655.76001,16,0,3
8.68401575088501,10.854871034622192,1680.17572,16,0,4
8.687246084213257,10.838793754577637,1723.205872,16,0,5
8.783150911331177,10.947079420089722,1787.798828,16,0,6
8.771106004714966,11.680676460266113,1819.07666,16,0,7
8.908839702606201,11.07723093032837,1820.187073,16,0,8
9.069229125976562,11.999797105789185,1627.427002,16,1,0
8.760153532028198,10.94626259803772,1576.648804,16,1,1
8.68032956123352,10.8732008934021,1614.981506,16,1,2
8.657737016677856,10.853458166122437,1667.276306,16,1,3
8.733044624328613,11.642187595367432,1739.844482,16,1,4
8.73337197303772,10.8842031955719,1751.877075,16,1,5
8.833019495010376,11.656561374664307,1812.687012,16,1,6
8.927206993103027,11.080004930496216,1807.925171,16,1,7
8.960978984832764,11.128990173339844,1621.391968,16,2,0
8.628232479095459,10.818042278289795,1594.475708,16,2,1
8.730298519134521,11.717434883117676,1710.761597,16,2,2
8.698443174362183,10.833349227905273,1697.030029,16,2,3
8.720728397369385,11.484823942184448,1772.161621,16,2,4
8.81844973564148,10.950841426849365,1774.432068,16,2,5
8.88788390159607,11.033411502838135,1800.262878,16,2,6
8.747098684310913,10.962860822677612,1587.90509,16,3,0
8.733524084091187,11.68992567062378,1676.177856,16,3,1
8.764262437820435,10.891592502593994,1686.479248,16,3,2
8.74511194229126,11.605613946914673,1745.67041,16,3,3
8.947246313095093,11.11298155784607,1782.422607,16,3,4
8.941762447357178,11.08186936378479,1795.710815,16,3,5
8.841674327850342,11.03490686416626,1684.179871,16,4,0
8.726773500442505,11.662486791610718,1713.493896,16,4,1
8.750895500183105,10.877899408340454,1715.57074,16,4,2
8.883053541183472,11.68997573852539,1780.239868,16,4,3
8.909875869750977,11.059646129608154,1780.954773,16,4,4
8.707978248596191,10.900103330612183,1662.018921,16,5,0
8.823290824890137,10.968017339706421,1734.655151,16,5,1
8.841573476791382,11.690741062164307,1791.192566,16,5,2
9.008156299591064,11.150665044784546,1812.883728,16,5,3
8.790963172912598,11.686184406280518,1740.056946,16,6,0
8.863176345825195,11.035898447036743,1737.589233,16,6,1
8.98434567451477,11.127903461456299,1772.827637,16,6,2
8.799227476119995,10.966794729232788,1734.469238,16,7,0
8.92265510559082,11.911966562271118,1786.328186,16,7,1
9.010612487792969,11.134503602981567,1760.557434,16,8,0
