exec_time,avg_latency,package_energy,e_cores,st_cores,ht_cores,Solutions
3.151959180831909,0.8465,710.396179,3.0,18.0,1.0,"8,8,8,8,30,3,3,23,7,11,11,18,4,0,13,13,12,12,12,12,12,12,12"
3.1570799350738525,0.8465,712.008728,2.0,19.0,1.0,"8,8,8,8,23,3,3,14,7,11,11,19,4,0,13,13,12,12,12,12,12,12,12"
3.167534351348877,0.8465,762.300964,4.0,17.0,1.0,"8,8,8,8,30,3,31,23,7,11,11,18,4,0,13,13,12,12,12,12,12,12,12"
3.168510913848877,0.8465,710.990295,6.0,15.0,1.0,"8,8,8,8,30,3,3,23,7,11,11,18,4,0,13,13,12,12,12,12,22,22,22"
3.18735671043396,0.8465,750.982422,1.0,20.0,1.0,"8,8,8,8,3,3,3,14,7,11,11,22,4,0,13,13,12,12,12,12,12,12,12"
3.2024333477020264,0.8465,722.923218,3.0,16.0,2.0,"8,8,8,8,30,3,2,23,7,11,11,18,4,0,13,13,12,12,12,12,12,12,12"
3.203636884689331,0.8465,739.515381,4.0,17.0,1.0,"8,8,8,8,30,3,3,23,7,11,25,18,4,0,13,13,12,12,12,12,12,12,12"
3.2110679149627686,0.8465,722.67334,4.0,17.0,1.0,"8,8,8,8,30,3,3,23,7,11,27,18,4,0,13,13,12,12,12,12,12,12,12"
3.223572015762329,0.8465,718.473083,4.0,17.0,1.0,"8,8,8,8,30,3,3,23,7,11,11,18,4,0,13,13,12,12,12,12,12,12,20"
3.230792999267578,0.8465,718.733948,3.0,16.0,2.0,"8,8,8,8,30,3,6,23,7,11,11,18,4,0,13,13,12,12,12,12,12,12,12"
3.247285842895508,0.8465,737.243958,2.0,17.0,2.0,"8,8,8,8,6,3,3,23,7,11,11,18,4,0,13,13,12,12,12,12,12,12,12"
3.2824411392211914,0.8465,725.620911,7.0,14.0,1.0,"8,8,8,8,30,3,3,23,7,11,11,18,4,0,13,13,12,12,12,16,16,16,16"
3.294649124145508,0.8465,705.18335,5.0,14.0,2.0,"8,8,8,8,14,3,3,23,7,9,9,30,4,0,13,13,12,12,12,12,26,26,26"
3.3094871044158936,0.8465,696.940552,2.0,17.0,2.0,"8,8,8,8,14,3,3,23,7,9,9,18,4,0,13,13,12,12,12,12,12,12,12"
3.3109350204467773,0.8465,694.779968,2.0,17.0,2.0,"8,8,8,8,14,3,3,23,7,9,9,16,4,0,13,13,12,12,12,12,12,12,12"
3.3163952827453613,0.8465,681.398315,1.0,18.0,2.0,"10,10,10,10,3,3,3,14,7,11,11,31,4,0,13,13,12,12,12,12,12,12,12"
3.319023847579956,0.8465,691.634521,3.0,16.0,2.0,"8,8,8,8,30,3,15,23,7,9,9,18,4,0,13,13,12,12,12,12,12,12,12"
3.3199522495269775,0.8465,692.409607,6.0,13.0,2.0,"8,8,8,8,27,3,3,23,7,9,9,16,4,0,13,13,12,12,12,12,26,26,26"
3.3209593296051025,0.8465,774.092468,8.0,11.0,2.0,"21,20,15,15,24,8,8,17,2,12,7,29,5,0,0,11,6,6,6,4,26,26,26"
3.3307650089263916,0.8465,773.088196,8.0,11.0,2.0,"21,20,15,15,24,8,8,22,2,12,7,29,5,0,0,11,6,6,6,4,26,26,26"
3.3329074382781982,0.8465,689.062622,3.0,16.0,2.0,"8,8,8,8,30,3,3,23,7,9,9,18,4,0,13,13,12,12,12,12,12,12,12"
3.3418684005737305,0.8465,742.160706,1.0,14.0,4.0,"6,8,8,8,9,3,3,30,7,11,11,15,4,0,0,13,12,12,12,12,12,2,2"
3.3524231910705566,0.8465,774.465881,8.0,9.0,3.0,"21,20,15,15,24,8,8,17,2,12,7,29,5,0,9,11,6,6,6,4,26,26,26"
3.3548190593719482,0.8465,808.178284,9.0,10.0,2.0,"21,20,15,15,24,8,8,17,2,12,7,29,5,0,0,11,6,6,23,4,26,26,26"
3.359356641769409,0.8465,733.741272,2.0,15.0,3.0,"8,8,8,8,14,3,3,23,7,9,9,16,4,0,13,15,12,12,12,12,12,12,12"
3.3678786754608154,0.8465,823.742249,7.0,8.0,4.0,"21,20,15,15,24,8,8,10,2,12,7,29,5,0,9,11,6,6,6,4,26,26,26"
3.3695850372314453,0.8465,742.001709,1.0,20.0,1.0,"8,8,8,8,3,3,3,14,14,11,11,23,4,0,13,13,12,12,12,12,12,12,12"
3.378432035446167,0.8465,750.456299,1.0,16.0,3.0,"8,8,8,8,9,3,3,14,7,11,31,15,4,0,13,13,12,12,12,12,12,12,12"
3.378706932067871,0.8465,739.937256,1.0,20.0,1.0,"8,8,8,8,3,3,3,14,14,11,11,22,4,0,13,13,12,12,12,12,12,12,12"
3.379884719848633,0.8465,782.136414,4.0,19.0,0.0,"9,9,9,9,5,5,5,10,10,1,30,30,7,15,2,2,13,13,13,13,13,18,18"
3.381145477294922,0.8465,735.700867,1.0,20.0,1.0,"8,8,8,8,3,3,3,14,14,11,11,20,4,0,13,13,12,12,12,12,12,12,12"
3.381621837615967,0.8465,786.925476,9.0,10.0,2.0,"21,20,15,15,28,8,8,17,2,12,7,29,5,0,0,11,6,6,23,4,26,26,26"
3.388279914855957,0.8465,768.825439,4.0,19.0,0.0,"9,9,9,9,5,5,5,10,10,1,31,31,7,15,2,2,13,13,13,13,13,18,18"
3.3926103115081787,0.8465,789.548584,10.0,11.0,1.0,"21,20,15,15,28,8,8,17,2,12,24,29,5,0,0,11,6,6,23,4,26,26,26"
3.397390604019165,0.8465,822.001282,2.0,21.0,0.0,"9,9,9,9,5,5,5,10,10,1,30,30,7,15,2,2,13,13,13,13,13,13,13"
3.4005680084228516,0.8465,744.206055,0.0,19.0,2.0,"10,10,10,10,3,3,3,14,8,11,11,6,4,0,13,13,12,12,12,12,12,12,12"
3.400939702987671,0.8465,798.198303,3.0,20.0,0.0,"9,9,9,25,5,5,5,10,10,1,30,30,7,15,2,2,13,13,13,13,13,13,13"
3.403988838195801,0.8465,768.616638,2.0,21.0,0.0,"9,9,9,9,5,5,5,10,10,1,30,17,7,15,2,2,13,13,13,13,13,13,13"
3.4066481590270996,0.8465,744.817383,1.0,16.0,3.0,"8,8,8,8,9,3,3,14,7,11,20,15,4,0,13,13,12,12,12,12,12,12,12"
3.4090936183929443,0.8465,750.560486,0.0,15.0,4.0,"8,8,8,8,9,3,3,14,7,11,11,15,4,0,13,13,12,12,12,12,10,10,10"
3.412654399871826,0.8465,752.258911,2.0,11.0,5.0,"6,8,8,10,14,3,3,22,7,11,11,15,4,0,30,13,12,12,12,12,12,2,2"
3.414645195007324,0.8465,788.924805,10.0,11.0,1.0,"21,20,15,15,28,8,8,17,2,13,24,29,5,0,0,11,6,6,23,4,26,26,26"
3.4159953594207764,0.8465,751.092651,1.0,12.0,5.0,"6,8,8,10,9,3,3,16,7,11,11,15,4,0,0,13,12,12,12,12,12,2,2"
3.416123867034912,0.8465,757.330688,4.0,15.0,2.0,"9,9,9,9,5,3,20,13,10,1,30,30,7,15,2,18,12,12,12,12,12,12,12"
3.418274402618408,0.8465,741.616516,1.0,12.0,5.0,"6,8,8,10,14,3,3,22,7,11,11,15,4,0,0,13,12,12,12,12,12,2,2"
3.420198678970337,0.8465,754.513184,0.0,21.0,1.0,"8,8,8,8,3,3,3,14,14,11,11,6,4,0,13,13,12,12,12,12,12,12,12"
3.420494318008423,0.8465,776.772217,6.0,17.0,0.0,"9,9,9,9,5,5,5,13,10,1,19,26,6,15,2,2,2,2,2,22,22,22,22"
3.4231393337249756,0.8465,730.704468,0.0,19.0,2.0,"8,8,8,8,3,3,3,14,9,11,11,6,4,0,13,13,12,12,12,12,12,12,12"
3.4255404472351074,0.8465,741.26062,0.0,17.0,3.0,"8,8,8,8,9,3,3,14,7,11,11,15,4,0,13,13,12,12,12,12,12,12,12"
3.427778720855713,0.8465,729.350708,0.0,17.0,3.0,"8,8,8,8,9,3,3,14,7,11,11,2,4,0,13,13,12,12,12,12,12,12,12"
3.428680181503296,0.8465,750.288818,1.0,10.0,6.0,"6,8,8,10,9,3,3,16,7,11,11,15,4,0,14,13,12,12,12,12,12,2,2"
3.430485963821411,0.8465,779.843994,9.0,12.0,1.0,"9,9,9,9,5,5,5,13,10,1,30,30,6,15,20,20,12,12,17,17,17,17,17"
3.435889959335327,0.8465,775.940491,3.0,20.0,0.0,"9,9,9,9,5,5,5,10,10,1,30,30,7,15,2,18,13,13,13,13,13,13,13"
3.4381308555603027,0.8465,704.309448,3.0,14.0,3.0,"8,8,8,8,30,3,3,23,7,9,1,18,4,0,13,13,12,12,12,12,12,12,12"
3.4402246475219727,0.8465,757.10437,10.0,9.0,2.0,"21,20,15,15,28,8,8,17,2,13,24,29,5,0,0,11,9,9,23,4,26,26,26"
3.4470677375793457,0.8465,769.644592,10.0,7.0,3.0,"21,20,15,10,28,8,8,17,2,13,24,29,5,0,0,11,9,9,23,4,26,26,26"
3.4517199993133545,0.8465,767.822327,9.0,10.0,2.0,"21,20,15,15,28,8,8,17,2,13,24,29,5,0,0,11,9,9,7,4,26,26,26"
3.4566118717193604,0.8465,711.951294,0.0,17.0,3.0,"10,10,10,10,3,3,3,8,7,11,11,6,4,0,13,13,12,12,12,12,12,12,12"
3.457160472869873,0.8465,778.922424,5.0,18.0,0.0,"9,9,9,9,5,5,5,10,10,1,30,30,7,15,2,18,12,12,12,12,12,25,25"
3.4658150672912598,0.8465,751.791077,2.0,11.0,5.0,"6,8,8,10,9,3,23,24,7,11,11,15,4,0,0,13,12,12,12,12,12,2,2"
3.4667153358459473,0.8465,747.264099,2.0,13.0,4.0,"8,8,8,8,9,3,3,14,7,11,11,15,4,0,13,13,12,12,12,12,10,17,17"
3.470754623413086,0.8465,706.013855,0.0,17.0,3.0,"10,10,10,10,3,3,3,14,7,11,11,15,4,0,13,13,12,12,12,12,12,12,12"
3.473625898361206,0.8465,700.350769,0.0,17.0,3.0,"10,10,10,10,3,7,7,14,8,11,11,6,4,0,13,13,12,12,12,12,12,12,12"
3.475233316421509,0.8465,765.101257,10.0,11.0,1.0,"21,20,15,15,28,8,8,17,2,13,24,29,5,0,0,11,11,11,23,4,26,26,26"
3.475853681564331,0.8465,772.626587,6.0,17.0,0.0,"9,9,9,9,5,5,5,13,10,1,19,26,6,15,2,2,2,2,2,31,31,31,31"
3.482722759246826,0.8465,819.199951,3.0,8.0,6.0,"6,8,8,8,8,3,3,7,7,11,14,15,4,0,24,13,12,12,25,25,10,2,1"
3.484285831451416,0.8465,828.658936,0.0,13.0,5.0,"6,8,8,8,8,3,9,7,7,11,14,15,4,0,0,13,12,12,12,12,12,2,2"
3.4880497455596924,0.8465,696.737976,1.0,16.0,3.0,"10,10,10,10,3,3,3,14,7,11,11,6,4,0,13,13,12,12,12,12,12,12,28"
3.494178295135498,0.8465,701.544189,3.0,14.0,3.0,"10,10,10,10,3,3,3,14,7,11,11,6,4,0,13,13,12,12,12,12,23,23,28"
3.4971461296081543,0.8465,793.028931,3.0,10.0,5.0,"6,8,8,8,8,3,3,7,7,11,14,15,4,0,24,13,12,12,18,18,10,2,2"
3.4976565837860107,0.8465,793.612366,0.0,13.0,5.0,"6,8,8,8,8,3,3,7,7,11,14,15,4,0,0,13,12,12,12,12,10,2,2"
3.497774362564087,0.8465,683.218079,0.0,17.0,3.0,"10,10,10,10,3,3,3,14,7,11,11,6,4,0,13,13,12,12,12,12,12,12,12"
3.4986462593078613,0.8465,794.340637,0.0,11.0,6.0,"6,8,8,8,8,3,9,7,7,11,14,15,4,0,0,13,12,12,12,12,10,2,2"
3.5001442432403564,0.8465,779.025696,9.0,12.0,1.0,"21,20,15,15,28,8,8,17,2,13,24,29,5,0,0,11,11,11,23,4,6,26,26"
3.5014264583587646,0.8465,788.968994,0.0,13.0,5.0,"8,8,8,8,8,3,3,7,7,11,14,15,4,0,0,13,12,12,5,5,10,2,2"
3.5023317337036133,0.8465,724.336304,8.0,9.0,3.0,"21,15,15,15,28,8,10,17,12,13,24,22,5,0,0,11,9,9,9,9,16,26,30"
3.5037310123443604,0.8465,763.601013,4.0,19.0,0.0,"9,9,9,9,5,5,5,10,10,1,30,30,7,15,20,20,13,13,13,13,13,13,13"
3.5039989948272705,0.8465,735.669678,2.0,9.0,6.0,"6,8,8,10,9,3,3,7,14,11,11,15,5,0,0,13,12,12,12,12,16,2,24"
3.5055673122406006,0.8465,695.559265,1.0,16.0,3.0,"10,10,10,10,3,3,3,14,7,11,29,6,4,0,13,13,12,12,12,12,12,12,12"
3.5067138671875,0.8465,843.851257,3.0,12.0,4.0,"18,8,8,8,8,3,9,7,7,11,14,15,4,0,0,13,12,12,12,12,10,25,25"
3.507352828979492,0.8465,748.793274,9.0,12.0,1.0,"21,15,15,15,28,8,17,17,12,13,24,22,5,0,0,11,11,11,11,11,16,26,31"
3.5112497806549072,0.8465,786.863037,5.0,10.0,4.0,"6,8,8,10,9,3,3,7,7,11,11,15,4,1,1,13,2,2,31,31,31,31,31"
3.5125720500946045,0.8465,769.186035,3.0,20.0,0.0,"9,9,9,9,5,5,5,10,10,1,26,26,7,15,2,18,13,13,13,13,13,13,13"
3.512932538986206,0.8465,803.137878,11.0,10.0,1.0,"21,20,15,15,28,8,30,17,2,12,24,29,5,0,0,11,6,6,23,4,26,26,26"
3.5133614540100098,0.8465,763.841492,11.0,8.0,2.0,"21,20,15,15,28,8,18,17,2,13,24,29,5,0,0,11,9,9,23,4,26,26,26"
3.5135855674743652,0.8465,765.134888,3.0,12.0,4.0,"6,8,8,8,9,3,3,7,7,11,14,15,4,0,0,13,12,12,12,12,17,17,17"
3.5196774005889893,0.8465,726.743164,0.0,15.0,4.0,"10,10,10,10,3,3,3,14,7,11,11,6,4,0,13,13,12,12,12,12,2,2,2"
3.519826650619507,0.8465,773.577087,0.0,13.0,5.0,"6,8,8,8,9,3,3,7,7,11,14,15,4,0,0,13,12,12,12,12,12,2,2"
3.521225929260254,0.8465,793.353455,6.0,9.0,4.0,"6,8,8,10,9,3,3,7,7,11,11,15,4,1,21,13,2,2,27,27,27,27,27"
3.5218639373779297,0.8465,778.421814,0.0,11.0,6.0,"6,8,8,8,9,3,3,7,7,11,14,15,4,0,0,13,12,12,12,12,10,2,2"
3.524501323699951,0.8465,701.002197,1.0,14.0,4.0,"6,6,10,10,9,3,3,14,7,11,31,15,4,0,13,13,12,12,12,12,12,12,12"
3.5248851776123047,0.8465,774.694946,0.0,11.0,6.0,"6,8,8,8,9,3,3,7,7,11,14,15,4,0,0,13,12,12,10,10,10,2,2"
3.5300405025482178,0.8465,777.527954,4.0,9.0,5.0,"6,8,8,10,9,3,3,7,7,11,11,15,4,0,0,13,12,12,14,30,17,17,17"
3.5304453372955322,0.8465,725.928528,9.0,12.0,1.0,"21,15,15,15,28,8,17,17,12,13,24,22,5,0,7,11,11,11,11,11,16,26,30"
3.537720203399658,0.8465,694.237061,0.0,15.0,4.0,"8,8,8,8,9,10,10,14,7,11,11,15,2,0,13,13,12,12,12,12,12,12,12"
3.5390141010284424,0.8465,769.541809,11.0,10.0,1.0,"21,20,15,16,28,8,8,17,2,13,24,29,5,0,0,11,11,11,23,4,26,26,26"
3.5406036376953125,0.8465,772.893066,0.0,13.0,5.0,"6,8,8,10,9,3,3,7,7,11,11,15,4,0,0,13,12,12,12,12,12,2,2"
3.5408051013946533,0.8465,855.820129,5.0,16.0,1.0,"9,9,9,23,1,1,1,18,10,7,17,29,4,15,2,2,2,2,0,0,0,30,13"
3.5440845489501953,0.8465,784.250977,5.0,10.0,4.0,"6,8,8,10,9,3,3,7,7,11,11,15,4,1,1,13,2,2,27,27,27,27,27"
3.5445926189422607,0.8465,732.150574,9.0,10.0,2.0,"21,20,15,15,28,8,8,17,12,13,24,29,5,0,0,11,11,11,23,4,6,26,18"
3.5468289852142334,0.8465,711.01062,8.0,11.0,2.0,"21,15,15,15,28,8,10,17,12,13,24,22,5,0,0,11,11,11,11,11,16,26,30"
3.5560457706451416,0.8465,717.076477,7.0,10.0,3.0,"15,14,14,14,28,8,10,17,12,13,24,22,5,0,0,11,11,11,11,11,16,26,30"
3.5575296878814697,0.8465,766.152039,3.0,20.0,0.0,"9,9,9,9,14,14,14,10,10,1,30,30,7,2,2,18,12,12,12,12,12,12,12"
3.5578153133392334,0.8465,726.759888,11.0,4.0,4.0,"21,20,1,27,27,8,10,17,12,13,24,29,5,7,9,9,9,0,19,4,18,18,18"
3.5583443641662598,0.8465,726.995239,7.0,12.0,2.0,"21,15,15,15,28,8,10,17,12,13,13,22,5,0,0,11,11,11,11,11,16,26,30"
3.5592048168182373,0.8465,747.592041,9.0,8.0,3.0,"21,20,15,15,28,8,8,17,12,13,24,29,5,0,0,11,10,10,23,4,6,26,18"
3.562027931213379,0.8465,719.876587,9.0,12.0,1.0,"21,15,15,15,28,8,17,17,12,13,24,22,5,0,0,11,11,11,11,11,16,26,30"
3.562065839767456,0.8465,762.488037,0.0,13.0,5.0,"6,8,8,8,14,3,3,1,7,11,11,15,4,0,0,13,12,12,12,12,12,2,2"
3.564131259918213,0.8465,744.987549,10.0,7.0,3.0,"21,20,15,15,27,8,10,17,12,13,24,29,5,7,25,3,3,3,19,4,6,18,18"
3.5844080448150635,0.8465,743.043335,8.0,7.0,4.0,"21,20,15,15,28,8,10,17,12,13,24,29,5,0,0,11,7,7,7,4,6,26,18"
3.585080623626709,0.8465,726.094421,2.0,15.0,3.0,"8,8,8,8,5,3,3,23,7,9,9,18,4,0,13,13,12,12,12,12,12,12,12"
3.5852208137512207,0.8465,745.678711,7.0,8.0,4.0,"14,20,15,3,3,8,10,17,12,13,24,29,5,0,0,11,11,11,11,4,26,26,18"
3.5872766971588135,0.8465,717.234985,3.0,20.0,0.0,"8,8,8,8,30,3,3,23,7,11,11,18,4,0,13,13,13,13,13,13,13,13,13"
3.5908713340759277,0.8465,736.536804,6.0,9.0,4.0,"14,20,15,3,3,8,10,17,12,13,13,29,5,0,0,11,11,11,11,4,26,26,18"
3.6005020141601562,0.8465,786.692078,1.0,22.0,0.0,"9,9,9,9,5,5,5,13,10,1,1,18,6,15,2,2,2,2,2,2,2,2,2"
3.608144998550415,0.8465,722.924744,9.0,10.0,2.0,"21,20,15,15,28,8,10,17,12,13,24,22,5,0,0,11,11,11,11,11,16,26,18"
3.6152403354644775,0.8465,746.733154,9.0,8.0,3.0,"21,20,15,15,28,8,10,17,12,13,24,29,5,0,0,11,11,11,23,4,6,26,18"
3.6168017387390137,0.8465,765.003174,1.0,22.0,0.0,"9,9,9,9,5,5,5,13,10,1,1,18,7,15,2,2,2,2,2,2,2,2,2"
3.6203954219818115,0.8465,742.783875,10.0,5.0,4.0,"21,20,1,27,14,8,10,17,12,13,24,29,5,7,9,9,9,0,19,4,18,18,18"
3.620758295059204,0.8465,745.448059,10.0,3.0,5.0,"21,20,1,27,27,8,10,17,12,13,24,29,5,7,9,9,9,0,19,4,18,18,11"
3.623699188232422,0.8465,761.975098,0.0,13.0,5.0,"8,8,8,8,9,3,1,14,7,11,11,15,4,0,13,13,12,12,12,12,12,5,5"
3.625847339630127,0.8465,745.281067,11.0,6.0,3.0,"21,20,1,15,27,8,10,17,12,13,24,29,5,7,25,11,11,11,19,4,18,18,18"
3.62697696685791,0.8465,763.779175,1.0,8.0,7.0,"6,8,8,27,14,3,3,1,7,11,5,15,4,0,0,13,12,12,12,12,12,2,9"
3.629103183746338,0.8465,740.81134,2.0,11.0,5.0,"6,8,8,10,14,3,3,1,7,11,11,15,4,0,0,13,12,12,12,12,12,19,19"
3.6304144859313965,0.8465,739.771912,8.0,7.0,4.0,"14,20,15,3,27,8,10,17,12,13,24,29,5,0,0,11,11,11,11,4,26,26,18"
3.6346869468688965,0.8465,747.863098,8.0,13.0,1.0,"21,15,15,15,28,8,17,17,12,13,24,22,5,0,0,11,11,11,11,11,11,26,30"
3.635148048400879,0.8465,752.16272,10.0,9.0,2.0,"21,20,15,22,28,8,8,17,12,13,24,29,5,0,0,11,11,11,23,4,6,26,18"
3.635230302810669,0.8465,762.678162,9.0,6.0,4.0,"21,20,15,27,28,8,10,17,12,13,24,29,5,0,0,11,7,7,7,4,6,26,18"
3.6358909606933594,0.8465,723.367065,6.0,11.0,3.0,"15,14,14,14,28,8,10,17,12,13,24,22,5,0,0,11,11,11,11,11,11,26,30"
3.637115240097046,0.8465,779.40094,5.0,16.0,1.0,"9,9,9,20,1,1,1,18,10,12,17,29,4,15,2,2,2,2,2,2,2,22,13"
3.6382834911346436,0.8465,694.845154,3.0,14.0,3.0,"8,8,8,8,30,3,3,23,7,9,9,18,4,2,13,13,12,12,12,12,12,12,12"
3.641545057296753,0.8465,723.65802,7.0,12.0,2.0,"15,15,15,15,28,8,10,17,12,13,24,22,5,0,0,11,11,11,11,11,16,26,30"
3.648541212081909,0.8465,749.635986,10.0,9.0,2.0,"21,20,15,27,28,8,8,17,12,13,24,29,5,0,0,11,11,11,23,4,6,26,18"
3.6495132446289062,0.8465,700.625549,1.0,20.0,1.0,"9,11,11,11,5,5,5,13,10,1,1,30,6,15,3,3,3,3,3,3,3,3,3"
3.651440382003784,0.8465,759.18927,0.0,9.0,7.0,"6,8,8,10,14,3,3,1,7,11,11,15,4,0,5,13,12,12,12,12,12,12,9"
3.6525464057922363,0.8465,768.075195,2.0,21.0,0.0,"9,9,9,9,5,5,5,10,10,1,30,30,7,15,2,12,12,12,12,12,12,12,12"
3.6573660373687744,0.8465,747.950867,10.0,9.0,2.0,"21,20,15,15,28,8,10,17,12,13,24,29,5,0,0,11,11,11,11,23,16,26,18"
3.6579666137695312,0.8465,749.676331,0.0,11.0,6.0,"6,8,8,10,14,3,3,1,7,11,11,15,4,0,0,13,12,12,12,12,12,2,2"
3.6587798595428467,0.8465,746.241638,9.0,8.0,3.0,"21,20,15,15,28,8,8,17,12,13,24,29,5,0,1,11,11,11,23,4,6,26,18"
3.6599667072296143,0.8465,745.818176,10.0,9.0,2.0,"21,20,15,15,28,8,16,17,12,13,24,29,5,0,0,11,11,11,23,4,6,26,18"
3.6626474857330322,0.8465,728.143921,2.0,11.0,5.0,"6,8,8,10,10,3,3,1,7,11,29,15,4,0,0,13,12,12,12,12,12,2,27"
3.6628005504608154,0.8465,853.516602,12.0,3.0,4.0,"21,20,1,30,27,8,10,17,12,14,24,29,5,7,25,28,11,0,19,4,6,26,18"
3.663407325744629,0.8465,702.160278,2.0,15.0,3.0,"8,8,8,8,14,3,3,23,7,9,9,16,4,2,13,13,12,12,12,12,12,12,12"
3.6658194065093994,0.8465,746.820984,5.0,12.0,3.0,"8,8,8,8,14,3,3,23,7,9,9,16,4,0,13,13,12,5,5,5,26,26,26"
3.6669981479644775,0.8465,751.487488,3.0,8.0,6.0,"6,8,8,10,14,3,3,1,7,11,11,15,4,0,0,13,12,12,16,16,16,2,2"
3.6670448780059814,0.8465,718.19281,1.0,12.0,5.0,"6,8,8,10,10,3,3,1,7,11,11,15,4,0,0,13,12,12,12,12,12,2,27"
3.671964168548584,0.8465,735.480408,9.0,6.0,4.0,"14,20,15,31,31,8,10,17,12,13,24,21,5,0,0,11,11,11,11,4,26,26,18"
3.672267198562622,0.8465,750.245239,6.0,7.0,5.0,"14,20,15,3,3,8,10,17,12,13,2,29,5,0,0,11,11,11,11,4,26,26,18"
3.6723551750183105,0.8465,759.683777,1.0,22.0,0.0,"9,9,9,9,5,5,5,13,10,1,1,18,6,14,2,2,2,2,2,2,2,2,2"
3.672853708267212,0.8465,761.643616,1.0,8.0,7.0,"6,8,8,10,14,3,3,1,7,11,21,15,4,0,5,13,12,12,12,12,12,12,9"
3.67372465133667,0.8465,774.443115,12.0,3.0,4.0,"21,20,1,15,27,8,10,17,12,13,24,29,5,7,28,28,11,0,19,4,22,26,18"
3.673950433731079,0.8465,774.401794,12.0,7.0,2.0,"21,20,1,27,27,8,10,17,12,13,24,29,5,7,9,14,14,14,19,19,18,18,18"
3.6742260456085205,0.8465,760.653442,0.0,7.0,8.0,"6,8,8,10,14,3,3,1,7,11,11,15,4,0,5,13,12,12,12,12,12,2,9"
3.674231767654419,0.8465,759.683044,8.0,5.0,5.0,"21,20,15,15,28,8,10,17,12,13,24,29,5,0,1,11,7,7,7,4,6,26,18"
3.677750825881958,0.8465,763.103638,2.0,21.0,0.0,"9,9,9,21,5,5,5,13,13,1,1,18,6,15,2,2,2,2,2,2,2,2,2"
3.6805741786956787,0.8465,710.938477,2.0,19.0,1.0,"10,10,10,10,3,3,3,14,7,11,27,31,4,0,12,12,12,12,12,12,12,12,12"
3.6807754039764404,0.8465,740.911804,12.0,9.0,1.0,"21,20,1,27,27,8,10,17,12,13,24,29,5,7,15,15,15,15,19,19,18,18,18"
3.684908866882324,0.8465,695.116821,1.0,20.0,1.0,"10,10,10,10,3,3,3,14,7,11,11,31,4,0,12,12,12,12,12,12,12,12,12"
3.6857573986053467,0.8465,850.55658,11.0,2.0,5.0,"21,20,1,15,27,8,10,17,12,14,24,29,5,7,25,28,11,0,19,4,6,26,18"
3.6861279010772705,0.8465,762.180542,7.0,6.0,5.0,"21,20,15,15,28,8,10,17,12,13,1,29,5,0,0,11,7,7,7,4,6,26,18"
3.686739683151245,0.8465,743.099915,7.0,8.0,4.0,"14,28,15,3,3,8,10,17,12,13,24,29,5,0,0,11,11,11,11,4,26,26,18"
3.6884264945983887,0.8465,774.432495,5.0,16.0,1.0,"21,9,15,15,28,8,8,17,7,13,24,29,5,0,0,11,11,11,11,11,11,11,11"
3.689478635787964,0.8465,704.097717,4.0,15.0,2.0,"9,9,9,9,5,14,14,13,10,1,30,30,7,15,2,2,12,12,12,12,12,19,19"
3.6896443367004395,0.8465,746.219849,2.0,21.0,0.0,"9,9,9,9,5,5,5,10,10,1,30,30,7,15,13,13,13,13,13,13,13,13,13"
3.6906511783599854,0.8465,729.956116,0.0,13.0,5.0,"6,8,8,10,10,3,3,1,7,11,11,15,4,0,0,13,12,12,12,12,12,2,2"
3.6916513442993164,0.8465,852.523804,10.0,1.0,6.0,"21,9,1,15,27,8,10,17,12,14,24,29,5,7,25,28,11,0,19,4,6,26,18"
3.6957037448883057,0.8465,749.890869,5.0,16.0,1.0,"21,9,15,15,28,8,8,17,2,13,24,29,5,0,0,11,11,11,11,11,11,11,11"
3.698852300643921,0.8465,704.786194,2.0,19.0,1.0,"10,10,10,10,3,3,18,14,7,11,11,31,4,0,12,12,12,12,12,12,12,12,12"
3.7005956172943115,0.8465,840.002136,13.0,4.0,3.0,"21,20,1,27,27,8,10,17,12,2,24,29,5,7,25,28,11,0,19,4,22,26,18"
3.703425884246826,0.8465,756.586914,3.0,10.0,5.0,"8,8,8,10,14,3,3,1,7,11,11,15,4,0,0,13,12,12,16,16,16,2,2"
3.7049453258514404,0.8465,742.623413,12.0,5.0,3.0,"21,20,1,27,22,8,10,17,12,13,24,29,5,7,25,11,11,11,19,4,18,18,18"
3.7068488597869873,0.8465,708.946594,3.0,18.0,1.0,"8,8,8,8,30,3,3,23,7,9,9,18,4,0,12,12,12,12,12,12,12,12,12"
3.708148956298828,0.8465,776.623413,4.0,5.0,7.0,"6,8,8,10,14,3,16,1,7,11,11,15,4,0,0,13,12,12,27,27,27,2,9"
3.710867166519165,0.8465,741.918152,11.0,6.0,3.0,"21,20,1,27,22,8,10,17,12,13,24,29,5,7,11,11,11,11,19,4,18,18,18"
3.711019277572632,0.8465,778.022461,11.0,2.0,5.0,"21,20,1,15,27,8,10,17,12,13,24,29,5,7,25,28,11,0,19,4,6,26,18"
3.7235419750213623,0.8465,773.259094,1.0,6.0,8.0,"6,8,8,10,14,3,3,1,7,11,5,15,4,0,27,13,12,12,12,12,12,2,9"
3.7265701293945312,0.8465,773.362976,0.0,23.0,0.0,"8,8,8,8,3,3,3,14,14,11,11,6,4,0,13,13,13,13,13,13,13,13,13"
3.7267727851867676,0.8465,740.558289,10.0,9.0,2.0,"21,20,15,27,28,8,10,17,12,13,24,22,5,0,0,11,11,11,11,11,16,26,18"
3.729604482650757,0.8465,768.725708,12.0,3.0,4.0,"21,20,1,1,27,8,10,17,12,13,24,29,5,7,28,28,11,0,19,4,22,26,18"
3.7310738563537598,0.8465,728.8573,8.0,13.0,1.0,"21,20,15,18,28,8,8,17,12,13,24,29,5,0,25,11,11,11,11,11,11,11,11"
3.7323429584503174,0.8465,734.082275,0.0,21.0,1.0,"8,8,8,8,3,3,3,14,9,11,11,6,4,0,13,13,13,13,13,13,13,13,13"
3.7379837036132812,0.8465,716.130005,0.0,21.0,1.0,"10,10,10,10,3,3,3,14,8,11,11,6,4,0,13,13,13,13,13,13,13,13,13"
3.7416434288024902,0.8465,772.817627,13.0,4.0,3.0,"21,20,1,27,27,8,10,17,12,13,24,29,5,7,25,28,0,0,19,4,22,26,18"
3.742025375366211,0.8465,813.149658,4.0,11.0,4.0,"8,8,8,10,9,3,3,7,7,11,11,15,4,0,0,13,12,19,19,19,19,2,2"
3.744460344314575,0.8465,825.744263,13.0,2.0,4.0,"21,20,1,27,23,8,10,17,12,13,24,29,5,7,25,28,11,0,19,4,22,26,18"
3.7466115951538086,0.8465,781.018433,9.0,4.0,5.0,"21,20,1,15,27,8,10,17,12,13,24,29,5,7,0,11,11,11,19,4,6,26,18"
3.7534193992614746,0.8465,703.83197,9.0,8.0,3.0,"21,20,9,9,28,8,10,17,12,13,30,22,5,0,0,11,11,11,7,7,16,26,18"
3.7537190914154053,0.8465,782.944885,2.0,7.0,7.0,"6,8,8,10,9,3,3,1,7,11,11,15,4,0,26,13,12,12,12,12,14,2,21"
3.755577325820923,0.8465,697.115784,9.0,8.0,3.0,"21,31,9,9,28,8,10,17,12,13,30,22,5,0,0,11,11,11,7,7,16,26,18"
3.7560906410217285,0.8465,741.08728,12.0,5.0,3.0,"21,20,1,27,27,8,10,17,12,13,24,29,5,7,25,11,11,11,19,4,18,18,18"
3.7591307163238525,0.8465,714.465576,9.0,6.0,4.0,"21,20,9,9,28,8,10,17,12,13,30,22,5,0,25,11,11,11,7,7,16,26,4"
3.7618393898010254,0.8465,693.518738,2.0,17.0,2.0,"11,11,11,11,5,5,5,14,10,13,24,28,6,15,3,3,3,3,3,3,3,3,3"
3.767247438430786,0.8465,819.36676,13.0,2.0,4.0,"21,20,1,27,27,8,10,17,12,13,24,29,5,7,25,28,0,11,19,4,22,26,18"
3.7692322731018066,0.8465,715.747375,1.0,12.0,5.0,"8,8,10,10,9,3,3,14,7,11,31,15,4,0,13,13,12,12,12,5,5,5,5"
3.770707607269287,0.8465,696.619202,8.0,7.0,4.0,"21,20,9,9,28,8,10,17,12,13,30,22,5,0,0,11,11,11,7,7,16,26,4"
3.7727909088134766,0.8465,781.094604,5.0,4.0,7.0,"6,8,8,22,14,3,3,1,7,11,5,15,4,0,0,13,12,30,30,30,30,2,9"
3.7749016284942627,0.8465,767.027649,0.0,23.0,0.0,"8,8,8,8,3,3,3,14,14,11,11,6,4,0,12,12,12,12,12,12,12,12,12"
3.781484603881836,0.8465,752.95813,1.0,22.0,0.0,"9,9,9,9,5,5,5,12,25,1,1,1,6,15,10,10,10,10,10,10,10,10,10"
3.784047842025757,0.8465,785.300781,4.0,3.0,8.0,"6,8,8,10,14,3,23,1,7,11,5,15,4,0,0,13,12,12,24,24,24,2,9"
3.78590989112854,0.8465,740.166321,11.0,6.0,3.0,"21,20,1,27,27,8,10,17,12,13,24,29,5,7,11,11,11,11,19,4,18,18,18"
3.7891836166381836,0.8465,688.448425,4.0,13.0,3.0,"10,14,14,14,5,4,4,4,23,27,28,28,6,3,7,7,7,2,2,8,8,8,8"
3.793229579925537,0.8465,761.393005,4.0,7.0,6.0,"6,8,8,10,14,3,3,1,7,11,11,15,4,0,0,13,12,24,24,24,24,2,2"
3.794374704360962,0.8465,734.330811,11.0,8.0,2.0,"21,20,1,27,3,8,10,17,12,13,24,29,5,7,9,9,9,9,19,19,18,18,18"
3.7956485748291016,0.8465,711.63739,10.0,7.0,3.0,"21,20,9,24,28,8,10,17,12,13,30,22,5,0,0,11,11,11,7,7,16,26,18"
3.7996766567230225,0.8465,690.128296,2.0,17.0,2.0,"8,8,8,8,30,3,3,23,7,11,11,15,4,10,13,13,12,12,12,12,12,12,12"
3.80116868019104,0.8465,755.655823,12.0,7.0,2.0,"21,20,3,27,27,8,10,17,12,13,24,29,5,7,9,9,9,9,19,19,18,18,18"
3.804476499557495,0.8465,700.04187,0.0,19.0,2.0,"10,10,10,10,3,3,3,14,7,11,11,6,4,0,12,12,12,12,12,12,12,12,12"
3.8052046298980713,0.8465,734.846863,1.0,22.0,0.0,"9,9,9,9,5,5,5,11,25,1,1,1,6,15,2,2,2,2,2,2,2,2,2"
3.808683395385742,0.8465,832.509705,9.0,14.0,0.0,"9,0,0,13,13,13,10,10,10,21,17,30,6,15,2,2,2,28,28,28,28,28,28"
3.812403440475464,0.8465,717.948669,4.0,17.0,1.0,"1,1,1,1,5,4,4,4,17,27,22,22,6,2,9,9,9,9,9,9,9,9,9"
3.8133509159088135,0.8465,783.964905,13.0,2.0,4.0,"21,20,1,27,27,8,10,17,12,13,24,29,5,7,25,28,11,0,19,4,22,26,18"
3.8199217319488525,0.8465,695.442749,4.0,15.0,2.0,"1,1,1,1,5,9,9,9,17,27,22,22,6,3,7,7,2,2,2,2,2,2,2"
3.824409246444702,0.8465,713.952576,11.0,8.0,2.0,"21,20,1,26,26,8,10,17,12,13,13,29,5,7,9,9,9,9,19,19,18,18,18"
3.8244471549987793,0.8465,753.557739,4.0,11.0,4.0,"9,9,9,9,9,0,0,0,10,26,11,22,6,3,7,2,13,13,13,20,20,12,12"
3.8274855613708496,0.8465,794.460999,9.0,14.0,0.0,"9,0,0,13,13,13,10,10,10,26,17,30,6,15,2,2,2,28,28,28,28,28,28"
3.8277995586395264,0.8465,758.668701,5.0,18.0,0.0,"9,9,9,23,1,1,1,18,10,26,17,29,4,15,2,2,2,2,2,2,2,2,13"
3.8290791511535645,0.8465,858.521423,3.0,4.0,8.0,"6,8,14,10,9,3,3,1,20,5,11,15,7,0,0,13,12,12,12,30,30,2,4"
3.83632755279541,0.8465,749.028992,4.0,19.0,0.0,"9,9,9,9,5,5,5,10,10,26,30,30,7,15,2,18,12,12,12,12,12,12,12"
3.8389668464660645,0.8465,830.641113,3.0,4.0,8.0,"6,8,14,10,9,3,30,1,20,5,11,15,7,0,16,13,12,12,12,12,12,2,4"
3.8399813175201416,0.8465,691.611938,0.0,15.0,4.0,"10,10,10,10,3,3,3,14,7,11,11,6,15,0,13,13,12,12,12,12,12,12,12"
3.840801239013672,0.8465,723.806824,5.0,12.0,3.0,"29,14,14,14,5,4,4,4,17,27,28,28,6,3,7,7,7,2,2,8,8,8,8"
3.8417248725891113,0.8465,709.77771,4.0,9.0,5.0,"8,6,6,30,9,3,3,1,7,11,11,18,10,0,0,13,12,12,12,12,12,20,20"
3.841791868209839,0.8465,720.306458,2.0,21.0,0.0,"9,9,9,9,5,5,5,21,25,1,1,1,6,15,2,2,2,2,2,2,2,2,2"
3.841963768005371,0.8465,812.206848,6.0,3.0,7.0,"6,8,14,10,9,9,9,1,26,17,11,15,7,0,2,3,13,12,12,28,28,30,20"
3.842094898223877,0.8465,686.856689,6.0,13.0,2.0,"1,1,1,1,10,4,4,4,17,27,22,22,6,3,7,7,2,2,2,2,2,19,19"
3.842346429824829,0.8465,727.388245,2.0,11.0,5.0,"8,8,10,1,9,3,28,14,7,11,31,15,4,0,13,13,12,12,12,12,12,12,12"
3.8463668823242188,0.8465,810.352966,10.0,13.0,0.0,"18,0,0,13,13,13,10,10,10,21,17,30,6,15,2,2,2,28,28,28,28,28,28"
3.848005771636963,0.8465,722.098145,4.0,19.0,0.0,"9,9,9,9,1,1,1,18,10,26,17,29,4,15,2,2,2,2,2,2,2,2,2"
3.848254442214966,0.8465,838.469238,5.0,2.0,8.0,"6,8,14,10,9,3,30,1,20,5,11,15,7,0,24,13,12,12,12,19,19,2,4"
3.8492417335510254,0.8465,780.308777,14.0,3.0,3.0,"21,20,1,27,27,8,10,17,12,13,24,29,5,7,25,28,0,16,19,4,22,26,18"
3.8514440059661865,0.8465,757.84137,0.0,9.0,7.0,"6,8,8,10,9,5,5,1,7,11,11,15,4,0,14,13,12,12,12,12,12,2,2"
3.8514723777770996,0.8465,673.816528,7.0,12.0,2.0,"1,1,1,1,31,4,4,4,18,27,22,22,6,3,7,7,2,2,2,2,2,19,19"
3.8516032695770264,0.8465,789.619141,5.0,6.0,6.0,"6,8,14,10,9,9,9,1,26,17,11,15,7,0,2,13,13,13,30,30,30,12,12"
3.8516805171966553,0.8465,719.918762,10.0,9.0,2.0,"14,20,1,27,27,8,10,17,12,13,13,29,5,7,9,9,9,9,19,19,18,18,22"
3.8520233631134033,0.8465,751.12854,6.0,17.0,0.0,"18,19,1,4,4,4,4,12,12,27,29,29,10,2,17,8,8,8,8,8,8,8,8"
3.853748321533203,0.8465,723.457458,2.0,11.0,5.0,"8,8,8,30,9,3,3,1,7,11,11,18,10,0,0,13,12,12,12,12,12,2,2"
3.854074716567993,0.8465,802.586914,3.0,6.0,7.0,"6,8,14,10,9,9,22,1,26,17,11,15,7,0,2,3,13,13,13,13,13,12,12"
3.855168581008911,0.8465,698.370117,2.0,15.0,3.0,"8,8,8,8,30,3,6,23,7,11,11,15,4,10,13,13,12,12,12,12,12,12,12"
3.856360673904419,0.8465,685.395569,4.0,13.0,3.0,"1,1,1,1,5,4,4,4,17,27,22,22,6,3,7,7,2,2,2,2,2,9,9"
3.8579044342041016,0.8465,826.093933,7.0,2.0,7.0,"6,8,14,10,9,9,9,1,26,17,11,15,7,0,2,3,13,12,21,22,22,22,22"
3.8581013679504395,0.8465,791.713196,9.0,14.0,0.0,"0,0,0,13,13,13,10,10,10,21,17,30,6,15,2,2,2,28,28,28,28,28,28"
3.8583908081054688,0.8465,712.105591,7.0,14.0,1.0,"1,1,1,1,31,4,4,4,17,27,22,22,6,3,7,7,11,11,11,11,11,19,19"
3.8597311973571777,0.8465,690.752197,6.0,11.0,3.0,"1,1,1,1,5,4,4,4,17,27,22,22,6,3,7,7,2,2,2,2,2,19,19"
3.860048770904541,0.8465,823.867554,8.0,3.0,6.0,"6,8,14,10,9,9,22,1,26,17,11,15,7,0,2,3,12,12,30,30,30,30,30"
3.8608434200286865,0.8465,777.984131,11.0,2.0,5.0,"21,20,1,15,27,8,10,17,12,13,24,29,5,7,25,28,11,9,19,4,6,26,18"
3.861074924468994,0.8465,671.421509,5.0,14.0,2.0,"8,8,8,8,31,4,4,4,18,27,22,22,6,3,7,7,2,2,2,2,2,2,2"
3.8626551628112793,0.8465,750.784241,4.0,5.0,7.0,"6,8,8,10,9,3,3,1,7,5,11,22,4,0,0,13,12,12,12,27,27,2,25"
3.863708972930908,0.8465,806.922119,8.0,1.0,7.0,"6,8,14,10,9,9,22,1,26,17,11,15,7,0,2,3,13,12,30,30,30,30,30"
3.864727735519409,0.8465,668.620178,5.0,14.0,2.0,"1,1,1,1,31,4,4,4,18,27,22,22,6,3,7,7,2,2,2,2,2,2,2"
3.865516185760498,0.8465,830.75647,6.0,5.0,6.0,"6,8,14,10,2,2,22,1,26,17,11,15,7,0,0,3,13,13,19,19,19,12,12"
3.8666701316833496,0.8465,777.175842,2.0,7.0,7.0,"6,8,10,9,9,3,14,1,7,5,15,21,4,0,0,13,12,12,12,12,23,2,2"
3.86679744720459,0.0,791.005432,7.0,10.0,3.0,"6,0,0,12,4,4,11,11,27,19,9,9,14,2,17,10,13,23,7,7,17,17,17"
3.867112874984741,0.8465,685.725525,7.0,10.0,3.0,"1,1,1,1,5,4,4,4,17,27,22,22,6,3,7,7,2,2,2,2,18,18,18"
3.867748498916626,0.8465,679.643005,7.0,8.0,4.0,"15,14,14,14,5,4,4,4,17,27,28,28,6,3,7,7,7,2,2,25,25,25,8"
3.868574380874634,0.8465,861.601074,2.0,5.0,8.0,"6,8,14,10,9,3,30,1,20,5,11,15,7,0,0,13,12,12,12,12,12,2,4"
3.8692526817321777,0.8465,776.001343,5.0,6.0,6.0,"6,8,14,9,9,21,21,1,26,30,30,15,7,0,2,3,13,13,13,13,13,12,12"
3.869584798812866,0.8465,732.498413,5.0,8.0,5.0,"6,8,8,8,9,3,3,1,7,5,11,15,4,0,0,13,12,12,24,24,24,24,24"
3.870260715484619,0.8465,746.34082,5.0,18.0,0.0,"9,9,9,9,1,1,1,18,10,26,17,29,4,15,2,2,2,2,2,2,2,22,13"
3.870407819747925,0.8465,733.995239,2.0,13.0,4.0,"8,8,8,30,9,3,3,25,7,11,11,15,10,0,0,13,12,12,12,12,12,2,2"
3.8705129623413086,0.8465,790.600769,8.0,15.0,0.0,"9,9,9,9,5,26,26,12,10,1,17,17,6,15,2,2,2,2,2,20,20,20,20"
3.8722050189971924,0.8465,789.328979,7.0,2.0,7.0,"6,8,14,10,9,9,9,1,26,17,11,15,7,0,2,3,13,12,21,21,21,21,21"
3.872915029525757,0.8465,796.852356,6.0,3.0,7.0,"6,8,14,10,9,9,22,1,26,17,11,15,7,0,2,3,13,13,30,30,30,12,12"
3.8734238147735596,0.8465,746.957275,0.0,23.0,0.0,"9,9,9,9,5,5,5,11,11,1,1,1,6,15,2,2,2,2,2,2,2,2,2"
3.876291036605835,0.8465,774.217346,7.0,16.0,0.0,"9,9,9,20,1,10,10,10,18,26,17,29,6,15,4,4,4,4,4,4,4,22,24"
3.8763675689697266,0.8465,793.710815,6.0,3.0,7.0,"6,8,8,10,14,3,3,1,7,11,21,15,4,0,5,13,12,22,22,22,22,22,9"
3.876424789428711,0.8465,729.068359,11.0,6.0,3.0,"21,20,1,27,27,8,10,17,12,13,11,29,5,7,9,9,9,9,19,19,18,18,22"
3.8769569396972656,0.8465,782.967712,4.0,3.0,8.0,"6,8,8,10,14,3,3,1,7,11,5,15,4,0,0,13,12,30,30,30,30,2,9"
3.8771979808807373,0.8465,709.267395,12.0,7.0,2.0,"21,20,1,27,27,8,10,17,12,13,24,29,5,7,9,9,9,9,19,19,18,18,18"
3.8783745765686035,0.8465,748.19519,3.0,8.0,6.0,"6,8,8,9,9,3,3,1,7,5,11,22,4,0,0,13,12,12,12,27,27,2,2"
3.878397226333618,0.8465,710.053772,11.0,8.0,2.0,"21,20,1,27,27,8,10,17,12,13,13,29,5,7,9,9,9,9,19,19,18,18,18"
3.8784141540527344,0.8465,704.93103,5.0,12.0,3.0,"29,14,14,14,5,4,4,4,23,27,28,28,6,3,7,7,7,2,2,8,8,8,8"
3.8786075115203857,0.1025,770.911194,8.0,9.0,3.0,"6,0,0,0,4,4,11,11,11,19,20,20,14,2,17,10,13,23,30,7,17,17,1"
3.8795840740203857,0.8465,699.350037,5.0,12.0,3.0,"10,10,10,10,31,4,4,4,17,27,22,22,6,3,7,7,2,2,2,2,2,2,11"
3.8795955181121826,0.8465,763.01593,3.0,12.0,4.0,"12,12,12,12,5,4,4,4,17,26,11,22,6,3,7,0,2,14,14,14,14,13,13"
3.879702568054199,0.8465,738.764404,5.0,16.0,1.0,"9,9,9,23,1,1,1,18,10,26,17,29,4,11,2,2,2,2,2,2,2,2,13"
3.8803598880767822,0.8465,682.295288,4.0,15.0,2.0,"1,1,1,1,1,4,4,4,17,27,22,22,6,3,7,7,2,2,2,2,2,2,2"
3.880399227142334,0.8465,804.498901,9.0,0.0,7.0,"6,8,14,10,9,20,20,1,26,17,11,15,7,0,2,3,13,12,29,29,29,29,29"
3.8808069229125977,0.8465,786.416016,5.0,2.0,8.0,"6,8,8,10,14,3,23,1,7,11,5,15,4,0,0,13,12,16,16,16,16,2,9"
3.8809549808502197,0.8465,744.83429,6.0,17.0,0.0,"9,9,9,20,1,1,1,18,10,26,17,29,4,15,2,2,2,2,2,2,2,22,13"
3.8821215629577637,0.8465,809.165955,8.0,3.0,6.0,"6,14,14,10,9,9,22,1,26,17,11,15,7,0,2,3,13,12,30,30,30,30,30"
3.8838236331939697,0.8465,675.242065,4.0,13.0,3.0,"1,1,1,1,5,4,4,4,17,27,22,22,6,3,7,7,2,2,2,2,2,2,2"
3.8843395709991455,0.8465,711.937805,7.0,14.0,1.0,"1,1,1,1,31,4,4,4,18,27,22,22,6,11,7,7,2,2,2,2,2,19,19"
3.8844892978668213,0.8465,712.932556,4.0,11.0,4.0,"12,12,12,12,5,4,4,4,17,26,22,22,6,3,7,0,2,2,2,2,2,13,13"
3.884699583053589,0.8465,699.630371,9.0,12.0,1.0,"1,8,8,8,31,4,4,4,17,27,22,22,6,3,30,30,2,2,2,2,2,19,19"
3.8848185539245605,0.8465,819.908447,2.0,5.0,8.0,"6,8,14,10,9,3,3,1,20,5,11,15,7,0,24,13,12,12,12,12,12,2,4"
3.885303020477295,0.1025,789.308594,6.0,11.0,3.0,"6,0,0,0,4,4,11,11,11,19,9,9,14,2,17,10,13,23,30,7,17,17,1"
3.88541579246521,0.8465,719.660156,3.0,12.0,4.0,"8,8,8,8,23,5,5,14,1,17,17,15,4,0,13,13,12,12,12,12,12,12,12"
3.8864195346832275,0.0,799.329834,7.0,8.0,4.0,"6,0,0,12,4,4,11,11,27,19,9,9,14,2,17,10,13,23,7,5,17,17,17"
3.8867907524108887,0.8465,722.033569,11.0,6.0,3.0,"21,20,1,27,27,8,10,17,12,13,24,29,5,7,9,9,9,9,19,4,18,18,18"
3.88773250579834,0.0,783.627136,8.0,11.0,2.0,"6,0,0,26,4,4,11,11,27,19,9,9,14,2,17,10,13,23,7,7,17,17,17"
3.888047456741333,0.8465,721.452393,2.0,9.0,6.0,"8,6,6,30,9,3,3,1,7,11,11,18,10,0,0,13,12,12,12,12,12,2,2"
3.8899636268615723,0.8465,854.570557,7.0,4.0,6.0,"6,8,14,10,9,22,22,1,26,17,11,15,7,2,2,3,13,13,30,30,30,12,12"
3.890316963195801,0.0,793.109924,7.0,12.0,2.0,"6,0,0,26,4,4,11,11,11,19,9,9,14,2,17,10,13,23,7,7,17,17,17"
3.891244411468506,0.8465,799.110352,3.0,6.0,7.0,"6,8,14,10,9,9,18,1,26,17,11,15,7,0,2,3,13,13,13,13,13,12,12"
3.8924615383148193,0.1025,788.270264,7.0,10.0,3.0,"6,0,0,0,4,4,11,11,27,19,9,9,14,2,17,10,13,23,30,7,17,17,1"
3.892899513244629,0.8465,750.831726,3.0,6.0,7.0,"6,8,8,10,9,3,3,1,7,5,11,22,4,0,0,13,12,12,12,27,27,2,2"
3.8929805755615234,0.8465,782.493591,10.0,1.0,6.0,"21,20,1,15,27,8,10,17,12,13,24,29,5,7,14,28,11,9,19,4,6,26,18"
3.8949098587036133,0.0,773.631958,9.0,10.0,2.0,"6,0,0,12,4,4,11,11,27,19,9,9,14,2,17,10,13,23,24,24,17,17,17"
3.8949971199035645,0.8465,687.207458,8.0,11.0,2.0,"29,5,5,5,5,11,11,11,17,27,28,28,6,3,7,7,7,2,2,25,25,25,8"
3.895183563232422,0.8465,785.784607,10.0,13.0,0.0,"9,9,9,20,1,1,1,18,10,26,17,29,6,15,2,2,2,19,19,19,19,22,13"
3.895289659500122,0.8465,812.128418,6.0,5.0,6.0,"6,8,14,10,9,9,22,1,26,17,11,15,7,0,21,3,13,12,12,12,12,30,30"
3.8954224586486816,0.8465,819.96521,9.0,2.0,6.0,"6,16,14,10,9,9,22,1,26,17,11,15,7,0,2,3,13,12,30,30,30,30,30"
3.8954920768737793,0.8465,690.580994,9.0,10.0,2.0,"1,1,1,1,31,4,4,4,17,27,22,22,6,3,7,7,2,2,2,24,24,19,19"
3.897203207015991,0.8465,744.042908,0.0,11.0,6.0,"6,6,6,10,14,3,3,1,7,11,11,15,4,0,5,13,12,12,12,12,12,12,9"
3.8978426456451416,0.8465,820.42572,14.0,9.0,0.0,"22,4,3,29,1,7,26,26,16,25,25,21,12,10,30,9,9,9,20,20,20,20,20"
3.8989200592041016,0.8465,766.012451,7.0,16.0,0.0,"9,9,9,23,1,1,1,18,10,26,17,29,4,15,2,2,2,2,2,2,2,30,30"
3.901723861694336,0.8465,760.568054,4.0,7.0,6.0,"6,8,8,10,9,3,3,1,7,28,11,22,4,0,0,13,12,12,12,27,27,2,2"
3.902435302734375,0.8465,682.008118,9.0,10.0,2.0,"29,15,15,15,15,4,4,4,17,27,28,28,6,3,7,7,7,2,2,25,25,25,18"
3.902729034423828,0.0,779.033203,8.0,11.0,2.0,"6,0,0,26,4,4,11,11,29,19,9,9,14,2,17,10,13,23,7,7,17,17,17"
3.903473377227783,0.8465,732.948364,9.0,14.0,0.0,"9,9,9,9,5,5,5,13,24,21,17,30,6,15,2,2,2,2,22,22,22,22,22"
3.9040956497192383,0.8465,680.657471,5.0,12.0,3.0,"10,10,10,10,31,8,8,8,17,27,22,22,6,3,7,7,2,2,2,2,2,2,11"
3.9048783779144287,0.8465,803.529785,9.0,0.0,7.0,"6,8,14,10,9,20,24,1,26,17,11,15,7,0,2,3,13,12,21,21,29,29,29"
3.9055426120758057,0.8465,764.034241,2.0,7.0,7.0,"6,8,8,10,9,3,3,1,7,5,11,15,4,0,0,13,12,12,12,24,24,2,2"
3.9056003093719482,0.8465,800.095825,14.0,9.0,0.0,"22,4,3,29,1,7,26,26,16,25,25,21,12,10,30,9,9,9,23,23,23,23,23"
3.9069478511810303,0.8465,719.445496,10.0,9.0,2.0,"1,1,1,1,31,4,4,4,18,27,22,22,6,3,7,7,2,2,16,16,16,19,19"
3.909013271331787,0.8465,739.272583,3.0,10.0,5.0,"8,6,6,30,9,3,3,1,7,11,28,18,10,0,0,13,2,2,2,2,2,2,2"
3.909940719604492,0.8465,805.211975,6.0,5.0,6.0,"6,8,10,10,9,9,9,1,26,17,11,15,7,0,2,3,13,12,12,16,25,30,30"
3.9105868339538574,0.8465,769.867188,8.0,15.0,0.0,"9,9,9,9,5,5,5,13,10,21,17,28,6,15,2,2,2,2,22,22,22,22,22"
3.9112250804901123,0.8465,687.505615,10.0,9.0,2.0,"29,15,15,15,15,4,4,4,17,27,28,28,6,3,7,7,23,2,2,25,25,25,25"
3.9117157459259033,0.8465,721.919922,4.0,7.0,6.0,"8,6,6,30,9,3,3,1,7,11,28,18,10,0,0,13,12,12,12,12,21,2,2"
3.913559913635254,0.8465,800.987976,13.0,10.0,0.0,"22,4,3,29,1,7,26,26,16,25,25,21,12,10,9,9,9,9,20,20,20,20,20"
3.9157426357269287,0.8465,789.65271,7.0,4.0,6.0,"6,8,14,23,9,9,9,1,26,17,11,15,7,0,2,3,13,12,12,28,25,30,20"
3.916245460510254,0.8465,761.161194,8.0,15.0,0.0,"9,9,9,9,5,5,5,13,10,21,17,30,6,15,2,2,2,2,22,22,22,22,22"
3.918757438659668,0.8465,802.398132,6.0,5.0,6.0,"6,8,14,10,9,9,9,1,26,17,11,22,7,0,2,3,13,12,12,12,25,30,20"
3.9196550846099854,0.8465,687.310913,10.0,7.0,3.0,"29,23,14,14,5,4,4,20,17,27,28,28,6,3,7,7,7,2,2,25,25,25,8"
3.92034649848938,0.8465,723.697144,0.0,13.0,5.0,"8,8,8,8,9,3,3,1,7,11,11,15,10,0,0,13,12,12,12,12,12,2,2"
3.9215102195739746,0.8465,729.103394,3.0,8.0,6.0,"8,6,6,30,9,3,3,1,7,11,28,18,10,0,0,13,12,12,12,12,12,2,2"
3.9224042892456055,0.8465,802.30011,6.0,5.0,6.0,"6,8,14,10,9,9,9,1,26,17,11,15,7,0,2,3,3,12,12,28,25,30,20"
3.9232420921325684,0.0,759.143494,13.0,8.0,1.0,"18,19,1,4,4,4,4,12,12,27,29,29,10,2,17,21,3,23,20,22,17,17,17"
3.9234886169433594,0.0,808.080627,8.0,9.0,3.0,"6,0,0,12,4,4,11,24,27,19,9,9,14,2,17,10,13,23,7,7,17,17,17"
3.923985004425049,0.1025,804.888733,8.0,7.0,4.0,"6,0,0,26,4,4,11,11,27,19,9,9,12,2,17,10,13,23,30,7,17,17,1"
3.9266531467437744,0.8465,829.192383,12.0,1.0,5.0,"21,20,1,30,27,8,10,17,12,13,24,29,5,7,25,28,11,0,19,4,6,26,18"
3.928804874420166,0.8465,700.837646,6.0,9.0,4.0,"1,1,1,1,5,4,4,4,17,27,22,22,6,3,7,0,2,2,2,2,2,25,19"
3.930208444595337,0.8465,792.154724,2.0,5.0,8.0,"6,8,10,9,9,3,14,1,7,5,11,15,4,0,29,13,12,12,12,12,12,2,20"
3.9304494857788086,0.8465,795.553955,11.0,12.0,0.0,"22,4,3,29,1,7,7,7,16,25,25,21,12,10,9,9,9,9,20,20,20,20,20"
3.9307634830474854,0.8465,680.504578,12.0,7.0,2.0,"6,8,8,8,4,4,19,19,31,27,22,23,7,3,2,2,2,18,18,18,18,18,18"
3.931830406188965,0.8465,694.681396,8.0,9.0,3.0,"29,5,0,0,0,4,4,4,17,27,28,28,6,3,7,7,7,2,2,25,25,25,8"
3.931884288787842,0.8465,742.376099,0.0,11.0,6.0,"6,8,8,9,9,3,3,1,7,5,14,15,4,0,0,13,12,12,12,12,12,12,12"
3.9332215785980225,0.8465,713.33252,9.0,6.0,4.0,"29,23,14,14,5,4,4,4,17,27,28,28,6,3,7,7,7,2,9,25,25,25,8"
3.9332754611968994,0.8465,772.321045,5.0,10.0,4.0,"12,12,30,15,5,4,4,4,17,26,11,22,6,3,7,0,2,2,2,2,2,13,23"
3.9362635612487793,0.8465,801.077515,3.0,4.0,8.0,"6,8,10,9,21,3,14,1,7,5,11,15,4,0,29,13,12,12,12,12,12,2,27"
3.9371864795684814,0.8465,726.084045,2.0,13.0,4.0,"6,8,8,8,9,3,3,1,7,5,11,23,4,0,0,12,12,12,12,12,12,12,27"
3.9373812675476074,0.8465,697.791504,9.0,12.0,1.0,"1,1,1,1,31,4,4,4,17,27,22,22,6,3,30,30,2,2,2,2,2,19,19"
3.9378905296325684,0.8465,712.442566,1.0,12.0,5.0,"6,8,8,8,9,3,3,1,13,5,11,23,4,0,0,12,12,12,12,10,10,10,10"
3.938016653060913,0.8465,790.984009,14.0,9.0,0.0,"22,4,3,29,30,7,26,26,16,25,25,21,12,10,9,9,9,9,20,20,20,20,20"
3.938500165939331,0.8465,775.503662,10.0,1.0,6.0,"6,8,14,10,9,20,20,1,26,17,17,15,7,0,2,3,13,12,21,21,21,21,21"
3.9388670921325684,0.8465,807.748169,9.0,2.0,6.0,"6,8,14,10,9,20,20,1,26,17,11,15,7,0,5,3,13,12,21,21,21,21,21"
3.939443349838257,0.1025,739.984863,13.0,8.0,1.0,"18,19,1,4,4,4,4,12,12,27,29,29,10,2,17,21,3,23,20,22,17,17,30"
3.940910577774048,0.8465,789.751282,9.0,2.0,6.0,"6,8,14,10,9,20,20,1,26,17,11,15,7,0,2,2,13,12,21,21,21,21,21"
3.941221237182617,0.1025,802.782837,9.0,8.0,3.0,"6,0,0,26,4,4,11,11,27,19,9,28,14,2,17,10,13,23,30,7,17,17,1"
3.941603422164917,0.8465,771.437073,9.0,4.0,5.0,"21,20,1,15,27,8,10,17,12,13,24,29,5,0,0,11,9,9,19,4,6,26,18"
3.9425904750823975,0.0,746.487183,13.0,8.0,1.0,"18,19,1,4,4,4,4,12,12,27,29,29,14,2,17,21,3,23,20,22,17,17,17"
3.942920684814453,0.0,754.960205,9.0,10.0,2.0,"6,0,0,26,4,4,11,11,27,19,9,9,14,2,17,10,10,23,30,7,17,17,17"
3.9437170028686523,0.8465,787.021423,2.0,5.0,8.0,"6,8,10,9,9,3,14,1,7,5,11,15,4,0,27,13,12,12,12,12,12,2,29"
3.946854829788208,0.8465,716.899048,8.0,13.0,1.0,"1,1,1,1,13,4,4,4,17,27,22,22,6,3,30,30,2,2,2,2,2,19,24"
3.9500184059143066,0.8465,793.051514,9.0,0.0,7.0,"6,8,14,10,9,20,20,1,26,17,11,15,7,0,2,3,13,12,21,21,21,21,21"
3.952258825302124,0.0,740.77771,13.0,8.0,1.0,"18,19,1,4,4,4,4,12,12,27,29,29,10,2,17,21,3,23,20,20,17,17,17"
3.952693462371826,0.8465,686.928284,6.0,11.0,3.0,"1,1,1,1,31,4,4,4,5,27,22,22,6,3,7,7,2,2,2,2,2,19,19"
3.9536118507385254,0.8465,691.860535,8.0,9.0,3.0,"29,10,10,10,5,4,4,4,17,27,28,28,6,3,7,7,7,2,2,25,25,25,8"
3.955536127090454,0.8465,670.636902,7.0,12.0,2.0,"1,1,1,1,31,4,4,4,18,27,22,22,5,3,7,7,2,2,2,2,2,19,19"
3.9555563926696777,0.8465,744.770081,5.0,10.0,4.0,"12,12,30,1,5,4,4,4,17,26,11,22,6,3,7,7,2,2,2,2,2,13,23"
3.9561352729797363,0.8465,670.474426,13.0,6.0,2.0,"29,23,23,23,4,4,4,31,17,27,28,28,6,3,7,7,7,2,2,25,25,25,25"
3.9562690258026123,0.8465,841.979736,6.0,1.0,8.0,"6,8,14,10,9,3,3,1,28,5,11,15,7,0,20,13,12,24,24,24,24,2,4"
3.956667184829712,0.8465,672.433655,11.0,6.0,3.0,"29,23,23,23,5,4,4,4,17,27,28,28,6,3,7,7,7,2,2,25,25,25,8"
3.9578521251678467,0.8465,690.189209,8.0,9.0,3.0,"29,14,14,14,5,4,4,4,17,27,28,21,6,3,7,7,7,2,2,25,25,25,8"
3.9580893516540527,0.8465,678.053711,8.0,9.0,3.0,"29,14,14,14,5,4,4,4,17,27,28,28,6,3,7,7,7,2,2,25,25,25,8"
3.9582884311676025,0.8465,693.089478,8.0,13.0,1.0,"1,1,1,1,1,4,4,4,17,27,22,22,6,3,30,30,2,2,2,2,2,19,19"
3.958686113357544,0.8465,771.914551,5.0,6.0,6.0,"6,8,8,10,9,9,9,1,26,17,11,15,7,0,2,3,13,13,30,30,30,12,12"
3.9588515758514404,0.8465,676.388062,12.0,7.0,2.0,"29,23,23,23,4,4,4,31,17,27,28,28,6,3,7,7,7,2,2,25,25,25,8"
3.9589288234710693,0.8465,783.839294,9.0,2.0,6.0,"6,8,8,10,9,20,24,1,26,17,11,15,7,0,2,3,13,12,21,21,21,21,21"
3.9635682106018066,0.8465,792.840088,9.0,0.0,7.0,"6,8,14,10,9,20,24,1,26,17,11,15,7,0,2,3,13,12,21,21,21,21,21"
3.9640557765960693,0.8465,670.330505,10.0,7.0,3.0,"29,5,5,5,5,4,4,24,17,27,28,28,6,3,7,7,7,2,2,25,25,25,25"
3.964817523956299,0.8465,696.889465,2.0,19.0,1.0,"8,8,8,8,30,3,3,23,7,11,11,15,4,10,12,12,12,12,12,12,12,12,12"
3.9664506912231445,0.0,771.77655,14.0,9.0,0.0,"18,19,1,4,4,4,4,12,12,27,29,29,14,2,17,21,28,23,20,22,17,17,17"
3.966707229614258,0.8465,701.506348,11.0,8.0,2.0,"29,23,23,23,5,4,4,4,17,27,28,28,6,3,7,7,7,15,15,25,25,25,8"
3.968869686126709,0.8465,681.167114,12.0,5.0,3.0,"29,23,23,23,5,4,4,4,17,27,28,28,6,3,7,7,7,2,31,25,25,25,8"
3.970811605453491,0.0,776.832214,13.0,10.0,0.0,"18,19,1,4,4,4,4,12,12,27,29,29,10,2,17,21,6,23,20,22,17,17,17"
3.971605062484741,0.8465,758.614929,8.0,15.0,0.0,"23,23,23,23,1,1,1,18,10,26,17,29,4,15,2,2,2,2,2,2,2,2,2"
3.971731424331665,0.8465,697.297058,9.0,12.0,1.0,"1,1,1,1,31,4,4,4,17,27,22,22,6,3,30,30,2,2,2,2,2,19,24"
3.9731712341308594,0.0,782.170776,10.0,11.0,1.0,"6,0,0,26,4,4,28,28,27,19,9,9,14,2,17,10,13,23,7,7,17,17,17"
3.9735238552093506,0.8465,706.124878,11.0,4.0,4.0,"29,23,23,23,5,4,9,9,17,27,28,28,6,3,7,7,7,2,2,25,25,25,8"
3.974529981613159,0.8465,732.410034,10.0,5.0,4.0,"21,20,1,27,27,8,10,17,12,13,24,29,5,7,9,9,9,9,19,4,18,18,0"
3.976184368133545,0.8465,726.05072,2.0,13.0,4.0,"12,12,12,12,12,4,4,4,10,26,11,22,6,3,7,0,2,2,2,2,2,13,13"
3.977729082107544,0.8465,681.05481,12.0,5.0,3.0,"29,23,23,23,4,5,5,5,17,27,28,28,6,3,7,7,7,2,11,25,25,25,18"
3.9784178733825684,0.8465,746.752625,6.0,7.0,5.0,"12,27,30,1,5,4,4,4,17,26,11,22,6,3,7,0,2,2,2,2,2,13,23"
3.980695962905884,0.8465,801.135498,6.0,5.0,6.0,"4,4,30,20,1,1,1,5,10,26,17,11,6,15,7,0,2,3,3,14,14,19,18"
3.981313467025757,0.8465,684.267639,1.0,16.0,3.0,"2,11,11,11,5,5,5,13,10,7,7,28,6,15,3,3,3,3,3,3,3,3,3"
3.981428384780884,0.8465,653.857605,8.0,9.0,3.0,"29,5,5,5,5,4,4,4,17,27,28,28,6,3,7,7,7,2,2,23,23,23,8"
3.983231544494629,0.8465,656.716614,9.0,8.0,3.0,"29,5,5,5,5,4,4,4,17,27,28,28,6,3,7,7,7,2,2,23,23,23,23"
3.9846320152282715,0.0,811.05719,10.0,9.0,2.0,"6,0,0,26,4,4,11,11,27,19,9,16,14,2,17,10,13,23,30,7,17,17,17"
3.984858512878418,0.8465,711.725952,1.0,12.0,5.0,"8,6,6,30,9,3,3,1,7,11,11,15,10,0,0,13,2,2,2,2,2,2,2"
3.985826015472412,0.8465,741.565491,15.0,2.0,3.0,"5,22,3,29,1,7,20,20,16,25,25,21,6,4,30,2,2,31,31,31,31,31,31"
3.9859273433685303,0.8465,687.239319,2.0,17.0,2.0,"19,11,11,11,5,5,5,13,10,7,7,28,6,15,3,3,3,3,3,3,3,3,3"
3.9868438243865967,0.8465,679.044006,8.0,7.0,4.0,"29,14,14,14,5,4,4,15,17,27,28,28,6,3,7,7,7,2,2,25,25,25,8"
3.9921131134033203,0.8465,718.537964,3.0,10.0,5.0,"8,6,6,30,9,3,3,1,7,11,11,15,10,0,0,13,12,12,12,12,12,29,29"
3.9928293228149414,0.8465,862.851074,14.0,5.0,2.0,"5,22,3,29,1,1,26,26,16,25,25,21,6,4,30,2,2,20,15,31,31,31,31"
3.995558977127075,0.8465,755.554749,14.0,3.0,3.0,"5,9,3,29,1,7,26,26,16,25,25,21,6,4,30,2,2,20,31,31,31,31,31"
3.9963302612304688,0.8465,708.083191,3.0,12.0,4.0,"6,8,8,8,9,3,3,1,13,5,11,23,4,0,0,12,12,12,12,12,12,26,26"
3.9964354038238525,0.8465,766.470032,15.0,4.0,2.0,"14,22,3,29,1,7,26,26,16,24,24,21,6,4,30,2,2,20,31,31,31,31,31"
3.9978575706481934,0.8465,716.229797,13.0,8.0,1.0,"22,22,3,29,1,1,26,26,16,25,25,21,6,4,2,2,2,2,2,31,31,31,31"
3.9984428882598877,0.8465,735.004761,1.0,10.0,6.0,"8,6,6,30,9,3,4,1,7,11,11,15,10,0,0,13,12,12,12,12,12,2,2"
3.999072313308716,0.8465,830.700562,11.0,0.0,6.0,"6,23,14,10,19,20,20,1,26,17,11,15,7,0,2,3,13,12,21,21,21,21,21"
4.000128746032715,0.8465,770.612427,14.0,7.0,1.0,"20,22,3,29,1,7,26,26,16,25,25,21,14,4,30,2,2,2,2,31,31,31,31"
4.0004963874816895,0.8465,792.832458,6.0,5.0,6.0,"4,4,30,20,1,1,1,5,10,26,17,11,6,15,7,0,2,3,3,14,14,19,19"
4.000679016113281,0.8465,858.775452,7.0,0.0,8.0,"6,8,14,10,9,23,5,1,29,17,11,15,7,0,2,3,13,12,4,21,25,30,20"
4.002037286758423,0.8465,800.769653,3.0,4.0,8.0,"6,8,10,9,9,3,14,1,7,5,11,15,4,0,29,13,12,12,12,22,22,2,2"
4.002839803695679,0.8465,706.906189,9.0,6.0,4.0,"29,23,14,14,5,4,4,4,17,27,28,28,6,3,7,15,15,2,2,25,25,25,8"
4.003596305847168,0.8465,759.694458,1.0,8.0,7.0,"6,8,10,9,26,14,14,1,7,5,11,15,4,0,0,13,12,12,12,12,12,2,2"
4.003615140914917,0.8465,783.5271,11.0,12.0,0.0,"9,9,9,20,1,10,25,25,18,26,17,29,6,15,2,2,2,2,4,31,31,22,24"
4.003645181655884,0.8465,758.191956,15.0,4.0,2.0,"14,22,3,29,1,7,26,26,16,25,25,21,6,4,30,2,2,20,31,31,31,31,31"
4.00462532043457,0.8465,674.325134,8.0,11.0,2.0,"15,30,30,30,31,4,4,4,17,27,22,22,6,3,7,7,2,2,2,2,2,2,2"
4.0072081089019775,0.8465,651.809998,9.0,8.0,3.0,"29,5,5,5,5,4,4,4,17,27,28,28,6,3,7,7,7,2,2,18,18,18,18"
4.008667945861816,0.8465,727.401001,1.0,10.0,6.0,"8,6,6,30,9,3,3,1,7,11,11,15,10,0,0,13,12,12,12,12,12,2,2"
4.0196850299835205,0.0,791.971497,11.0,10.0,1.0,"6,6,1,4,4,4,4,12,12,27,29,0,14,2,17,21,28,23,20,22,17,17,17"
4.021193981170654,0.8465,669.689087,7.0,10.0,3.0,"5,5,5,5,5,4,4,4,17,27,28,28,6,3,7,7,7,2,2,23,23,23,8"
4.023488283157349,0.8465,705.19519,9.0,6.0,4.0,"29,23,23,23,5,4,4,4,17,27,28,24,6,3,7,7,7,2,1,19,0,0,0"
4.02360463142395,0.0,788.573608,12.0,11.0,0.0,"6,6,1,4,4,4,4,12,12,27,29,29,14,2,17,21,28,23,20,22,17,17,17"
4.025702238082886,0.8465,671.745483,9.0,10.0,2.0,"29,5,5,5,5,4,4,4,17,27,28,28,6,3,7,7,7,1,1,25,25,25,25"
4.026444911956787,0.1025,891.989319,10.0,7.0,3.0,"6,0,0,26,4,4,11,11,27,19,25,25,14,2,17,10,13,23,30,7,17,17,1"
4.027463436126709,0.8465,755.49353,13.0,4.0,3.0,"5,22,3,29,1,7,26,26,16,25,25,21,6,4,30,2,2,9,15,31,31,31,31"
4.028817892074585,0.1025,858.50177,10.0,7.0,3.0,"6,0,8,26,4,4,11,11,27,19,9,9,14,2,17,21,28,23,30,7,17,17,1"
4.029413938522339,0.8465,852.578674,7.0,0.0,8.0,"6,8,14,10,9,3,25,1,28,5,11,15,7,0,20,20,12,13,31,31,31,2,4"
4.031083583831787,0.8465,680.030945,1.0,16.0,3.0,"11,11,11,11,5,5,5,14,10,7,7,28,6,15,3,3,3,3,3,3,3,3,3"
4.033527374267578,0.8465,686.883911,1.0,14.0,4.0,"2,11,11,11,5,5,5,14,10,7,7,28,6,15,3,3,3,3,3,3,3,3,3"
4.033540964126587,0.8465,752.203918,14.0,5.0,2.0,"20,22,3,29,1,7,26,26,16,25,25,21,6,4,30,2,9,9,9,31,31,31,31"
4.034222841262817,0.8465,677.40094,5.0,12.0,3.0,"29,5,5,5,5,4,4,4,17,27,28,28,6,3,7,7,7,2,2,10,10,10,8"
4.0354626178741455,0.8465,693.056091,2.0,15.0,3.0,"11,11,11,11,5,5,5,14,10,7,7,28,6,15,3,3,3,3,3,3,3,3,26"
4.035922288894653,0.8465,686.920837,2.0,15.0,3.0,"11,11,11,11,5,5,5,14,10,7,24,28,6,15,3,3,3,3,3,3,3,3,3"
4.0365355014801025,0.8465,792.913452,3.0,4.0,8.0,"6,8,10,9,9,3,14,1,7,5,11,15,4,0,0,13,12,12,25,25,25,2,2"
4.040170192718506,0.8465,731.562195,14.0,5.0,2.0,"20,22,3,29,1,7,26,26,16,25,25,21,6,4,30,2,2,2,2,31,31,31,31"
4.0406506061553955,0.8465,781.248047,16.0,3.0,2.0,"5,22,3,29,11,0,26,26,16,25,25,21,6,4,30,2,18,31,31,31,31,31,31"
4.041090250015259,0.8465,746.861023,14.0,3.0,3.0,"5,12,3,29,1,7,26,26,16,25,25,21,6,4,30,2,2,20,31,31,31,31,31"
4.04435133934021,0.0,802.409851,15.0,8.0,0.0,"18,18,1,4,4,4,19,12,12,27,29,29,14,2,17,21,28,23,20,22,17,17,17"
4.044705629348755,0.8465,756.21582,16.0,3.0,2.0,"28,22,3,29,1,7,26,26,16,25,25,21,6,4,30,2,2,20,31,31,31,31,31"
4.044747829437256,0.8465,770.143005,14.0,7.0,1.0,"20,22,3,29,1,11,26,26,16,25,25,21,6,4,30,2,2,2,2,31,31,31,31"
4.046553134918213,0.8465,655.843811,5.0,12.0,3.0,"29,5,5,5,5,4,4,4,17,27,28,28,6,3,7,7,7,2,2,8,8,8,8"
4.048171758651733,0.0,764.358398,14.0,7.0,1.0,"18,19,1,4,4,4,4,12,30,27,29,29,10,2,17,21,3,23,20,22,17,17,17"
4.048373460769653,0.0,758.611572,14.0,7.0,1.0,"18,19,1,4,4,4,25,12,12,27,29,29,10,2,17,21,3,23,20,22,17,17,17"
4.048473834991455,0.8465,772.742798,6.0,5.0,6.0,"6,8,8,10,9,3,3,1,7,5,11,15,4,0,0,13,12,30,30,30,30,16,16"
4.049221038818359,0.8465,743.689026,17.0,2.0,2.0,"28,22,3,29,29,7,26,26,16,25,25,21,6,4,30,2,2,20,31,31,31,31,31"
4.049937963485718,0.8465,786.993591,15.0,6.0,1.0,"20,22,3,29,8,17,26,26,16,25,18,21,6,4,30,2,2,2,2,31,31,31,31"
4.051161527633667,0.8465,709.428833,2.0,13.0,4.0,"6,8,8,8,9,3,26,1,13,5,11,23,4,0,0,12,12,12,12,12,12,12,12"
4.051980257034302,0.1025,788.273682,6.0,9.0,4.0,"6,0,0,0,4,4,11,11,27,3,9,9,14,2,17,10,13,23,30,7,17,17,1"
4.055172681808472,0.8465,683.769836,13.0,4.0,3.0,"29,29,29,29,5,4,4,4,17,27,28,24,6,3,7,7,7,2,16,19,19,19,19"
4.05740761756897,0.8465,815.861023,14.0,1.0,4.0,"5,22,3,29,1,7,26,26,16,25,0,21,6,4,30,2,2,20,31,31,31,31,31"
4.057904005050659,0.1025,820.699646,11.0,8.0,2.0,"6,0,0,26,4,4,11,12,27,19,9,31,14,2,17,21,28,23,30,7,17,17,1"
4.066230058670044,0.1025,833.212219,10.0,7.0,3.0,"6,0,0,26,4,10,11,12,27,19,9,9,14,2,17,21,28,23,30,7,17,17,1"
4.066232919692993,0.8465,792.067993,6.0,3.0,7.0,"6,8,8,10,9,3,3,1,7,5,11,15,4,0,26,13,12,30,30,30,16,2,28"
4.066842555999756,0.8465,703.286377,8.0,15.0,0.0,"29,23,23,23,4,4,4,4,17,27,28,28,6,15,2,2,2,2,2,2,2,2,2"
4.073134899139404,0.8465,779.000427,11.0,12.0,0.0,"9,9,9,9,1,1,19,19,10,21,17,30,6,15,2,2,2,23,23,23,23,28,28"
4.078307390213013,0.8465,805.655884,8.0,1.0,7.0,"6,8,10,30,30,3,14,1,7,5,11,15,4,0,29,13,12,19,19,19,19,2,27"
4.079698324203491,0.8465,681.261353,6.0,11.0,3.0,"29,5,5,5,5,4,4,4,17,27,28,28,6,3,7,7,7,2,2,25,8,8,8"
4.08075213432312,0.8465,758.974243,16.0,5.0,1.0,"22,22,3,14,14,26,26,20,16,25,25,21,15,12,17,0,0,28,28,31,31,29,29"
4.081987380981445,0.8465,666.411743,6.0,11.0,3.0,"29,5,5,5,5,4,4,4,17,27,28,28,6,3,7,7,7,2,2,18,12,12,12"
4.086941480636597,0.8465,665.327576,7.0,12.0,2.0,"6,19,19,19,4,4,4,4,31,27,22,23,7,3,2,2,2,10,10,10,10,10,10"
4.0870654582977295,0.8465,691.639526,3.0,14.0,3.0,"11,11,11,11,5,5,17,14,10,7,24,28,6,15,3,3,3,3,3,3,3,3,3"
4.088636636734009,0.8465,675.058899,10.0,9.0,2.0,"29,23,23,23,5,4,4,4,17,27,28,28,6,3,2,2,2,2,26,25,10,10,10"
4.08868932723999,0.8465,851.076111,7.0,0.0,8.0,"6,8,14,10,9,3,25,1,28,5,11,15,7,0,23,13,12,24,24,24,24,2,4"
4.089407444000244,0.8465,794.815491,8.0,3.0,6.0,"6,8,9,9,24,3,14,1,7,5,11,15,4,0,29,13,12,19,19,19,19,28,27"
4.091250419616699,0.8465,677.605713,11.0,8.0,2.0,"29,23,23,23,5,4,4,4,17,27,28,28,6,3,7,7,7,7,7,25,25,25,8"
4.0912697315216064,0.8465,689.606995,3.0,14.0,3.0,"11,11,11,11,5,8,17,14,10,7,24,28,6,15,3,3,3,3,3,3,3,3,3"
4.091726064682007,0.8465,705.784973,6.0,15.0,1.0,"1,1,1,1,4,4,4,10,17,27,22,22,7,3,2,2,2,2,2,2,2,19,19"
4.1032493114471436,0.8465,724.361267,10.0,11.0,1.0,"29,23,23,23,5,12,12,12,17,27,28,28,6,3,2,2,2,2,26,25,10,10,8"
4.103649377822876,0.8465,709.456543,10.0,11.0,1.0,"1,23,23,23,4,4,4,4,17,27,28,28,0,3,7,7,7,7,7,25,25,25,8"
4.107576847076416,0.8465,784.762146,7.0,4.0,6.0,"6,8,8,10,9,3,31,1,7,5,14,15,4,0,0,13,12,28,28,28,28,28,28"
4.108522653579712,0.8465,699.045776,12.0,9.0,1.0,"29,23,23,23,10,4,4,4,16,27,28,28,6,3,2,2,2,2,26,25,25,25,8"
4.108913421630859,0.0,767.39679,13.0,6.0,2.0,"18,19,1,4,4,11,11,12,12,27,29,29,10,2,17,21,3,23,20,22,17,17,17"
4.1109299659729,0.0,794.85199,12.0,7.0,2.0,"18,19,1,4,4,4,4,12,12,27,29,0,10,2,17,21,3,23,20,22,17,17,17"
4.111395359039307,0.8465,769.253052,16.0,1.0,3.0,"5,22,3,29,1,7,26,26,16,25,25,21,6,4,30,2,18,20,31,31,31,31,31"
4.111454010009766,0.8465,784.196289,15.0,6.0,1.0,"20,22,3,29,1,17,26,26,16,25,18,21,6,4,30,2,2,2,2,31,31,31,31"
4.112358331680298,0.8465,764.704041,16.0,1.0,3.0,"5,22,3,29,11,7,26,26,16,25,25,21,6,4,30,2,18,20,31,31,31,31,31"
4.114909410476685,0.8465,850.856934,7.0,0.0,8.0,"6,8,10,9,23,3,14,1,7,5,11,15,4,0,29,13,12,19,19,19,19,2,27"
4.116279125213623,0.8465,676.813782,10.0,11.0,1.0,"1,23,23,23,4,4,4,4,17,27,28,28,6,3,7,7,7,7,7,25,25,25,8"
4.118433713912964,0.0,816.527039,16.0,7.0,0.0,"6,24,18,26,26,4,4,12,12,27,29,29,14,2,17,21,28,23,20,22,17,17,17"
4.120823621749878,0.8465,735.731873,7.0,16.0,0.0,"9,9,9,20,1,1,1,1,18,26,17,29,6,15,2,2,2,2,2,2,2,22,24"
4.121645450592041,0.8465,841.504211,6.0,1.0,8.0,"6,8,10,9,9,3,14,1,7,5,11,15,4,0,23,13,12,19,19,19,19,2,27"
4.123430013656616,0.8465,759.497742,16.0,1.0,3.0,"5,22,3,29,11,7,26,26,16,25,25,21,6,4,30,2,18,31,31,31,31,31,31"
4.129071950912476,0.8465,814.102905,6.0,1.0,8.0,"6,8,10,9,9,3,14,1,7,5,11,15,4,0,29,13,12,24,24,24,24,2,20"
4.131305456161499,0.8465,676.920105,11.0,8.0,2.0,"16,23,23,23,4,4,4,4,17,27,28,28,6,3,7,7,7,2,2,25,25,25,8"
4.134397506713867,0.8465,664.33075,10.0,7.0,3.0,"29,5,5,5,5,4,4,4,17,27,28,28,6,3,7,7,23,2,2,25,25,25,25"
4.137545347213745,0.8465,675.605164,12.0,7.0,2.0,"29,23,23,23,4,4,4,4,17,27,28,28,6,3,7,7,7,2,2,25,25,25,18"
4.139392614364624,0.1025,823.372681,10.0,7.0,3.0,"6,0,0,26,4,5,11,12,27,19,9,9,14,2,17,21,28,23,30,7,17,17,1"
4.139697790145874,0.8465,701.444336,6.0,15.0,1.0,"1,1,1,1,4,4,14,14,17,27,22,22,7,3,2,2,2,2,2,2,2,19,19"
4.141611099243164,0.8465,755.603394,16.0,1.0,3.0,"5,22,3,29,11,7,26,26,16,25,25,21,6,4,20,2,18,31,31,31,28,28,28"
4.1419150829315186,0.8465,781.989197,17.0,0.0,3.0,"5,22,3,29,29,7,26,26,16,25,25,21,6,4,20,2,18,31,31,31,31,31,31"
4.1421778202056885,0.0,748.452332,12.0,7.0,2.0,"18,19,1,4,4,4,4,12,12,27,29,0,10,2,17,21,3,23,23,22,17,17,17"
4.144823312759399,0.0,799.808167,15.0,8.0,0.0,"6,6,18,26,26,4,4,12,12,27,29,29,14,2,17,21,28,23,20,20,17,17,17"
4.145005702972412,0.8465,746.928223,11.0,12.0,0.0,"29,23,23,23,4,4,4,4,17,27,28,28,6,3,14,14,14,14,14,25,25,25,8"
4.146883964538574,0.8465,662.7901,7.0,12.0,2.0,"5,5,5,5,5,4,4,4,17,27,28,28,6,3,7,7,7,7,7,23,23,23,8"
4.147213697433472,0.8465,670.525208,12.0,7.0,2.0,"29,23,23,23,4,4,4,4,17,27,28,28,6,3,7,7,7,2,11,25,25,25,18"
4.147883176803589,0.8465,662.184692,11.0,10.0,1.0,"29,23,23,23,4,4,4,4,17,27,28,28,6,3,2,2,2,2,2,25,25,25,8"
4.150604724884033,0.8465,675.024048,5.0,10.0,4.0,"6,5,5,5,4,10,10,10,29,27,22,17,7,3,2,2,2,2,2,2,2,11,25"
4.156391859054565,0.8465,671.408508,11.0,8.0,2.0,"29,23,23,23,4,4,4,4,17,27,28,28,6,3,7,7,7,2,2,25,25,25,8"
4.156472206115723,0.1095,840.947815,10.0,5.0,4.0,"6,8,14,26,1,1,10,10,27,15,3,5,2,9,17,21,28,23,30,11,17,24,31"
4.157227277755737,0.8465,701.860657,7.0,14.0,1.0,"1,1,1,1,31,4,4,4,18,27,22,22,6,3,2,2,2,2,2,2,2,19,19"
4.160674810409546,0.8465,658.34436,8.0,11.0,2.0,"29,5,5,5,5,4,4,4,17,27,28,28,6,3,7,7,7,7,7,23,23,23,8"
4.162339687347412,0.8465,826.205994,11.0,0.0,6.0,"26,20,13,21,1,12,4,6,14,19,8,9,0,7,28,5,30,24,15,23,16,16,16"
4.162702560424805,0.8465,794.23175,17.0,6.0,0.0,"22,22,3,27,0,11,11,20,16,30,30,21,15,12,17,17,25,28,28,31,31,29,29"
4.164228200912476,0.8465,753.752319,16.0,1.0,3.0,"5,22,3,29,11,7,26,26,16,25,25,21,6,4,20,2,18,31,31,31,31,31,31"
4.165853977203369,0.8465,812.496277,6.0,1.0,8.0,"6,8,10,9,9,3,14,1,7,5,11,15,4,0,29,13,12,19,19,19,19,2,27"
4.16620397567749,0.8465,670.844727,6.0,13.0,2.0,"6,8,8,8,4,4,19,19,31,27,22,20,7,3,2,2,2,2,2,2,2,2,2"
4.167401552200317,0.8465,660.298645,6.0,13.0,2.0,"6,8,8,8,4,4,19,19,31,27,22,23,7,3,2,2,2,2,2,2,2,2,2"
4.167759895324707,0.0,798.435974,12.0,9.0,1.0,"6,6,18,4,4,4,4,12,12,13,29,29,14,2,17,21,28,23,20,22,17,17,17"
4.169783115386963,0.8465,823.692139,11.0,0.0,6.0,"26,20,13,21,1,12,4,6,14,19,8,9,0,7,28,5,17,24,15,23,16,30,30"
4.170276880264282,0.8465,785.486938,18.0,5.0,0.0,"22,22,14,14,24,26,26,20,16,25,25,21,13,10,23,23,9,29,29,29,29,29,29"
4.173314332962036,0.8465,687.773743,8.0,13.0,1.0,"29,23,23,23,4,4,4,4,17,27,28,28,6,3,2,2,2,2,2,12,12,12,8"
4.174201726913452,0.8465,649.233459,9.0,10.0,2.0,"29,5,5,5,5,4,4,4,17,27,28,28,6,3,2,2,2,2,2,18,18,18,18"
4.174690008163452,0.8465,755.704712,16.0,3.0,2.0,"20,22,3,29,1,7,26,26,16,25,25,21,6,4,30,2,2,27,27,31,31,31,31"
4.175554037094116,0.8465,824.139709,12.0,1.0,5.0,"26,20,13,21,21,12,4,6,14,19,8,9,0,7,28,5,17,24,15,23,29,29,16"
4.1755900382995605,0.0,867.550232,16.0,5.0,1.0,"6,24,18,26,26,4,4,12,7,27,29,29,14,2,17,21,28,23,20,22,17,17,17"
4.1824164390563965,0.8465,774.504517,7.0,2.0,7.0,"6,8,14,10,9,1,1,1,26,17,11,15,7,0,2,3,13,12,21,21,21,21,21"
4.185276508331299,0.8465,766.484131,15.0,0.0,4.0,"5,22,3,29,11,7,26,26,16,24,10,21,6,4,20,2,18,31,31,31,31,31,31"
4.185608625411987,0.8465,692.427673,7.0,14.0,1.0,"1,1,1,1,31,4,4,4,17,27,22,22,6,3,2,2,2,2,2,2,2,19,19"
4.189651966094971,0.1095,858.726318,11.0,4.0,4.0,"6,8,14,26,1,1,10,20,27,15,3,5,2,9,17,21,28,23,30,11,17,24,31"
4.194124698638916,0.8465,665.33429,5.0,14.0,2.0,"6,8,8,8,4,4,4,18,31,27,22,23,7,3,2,2,2,2,2,2,2,2,2"
4.202509164810181,0.8465,652.794434,7.0,12.0,2.0,"6,19,19,19,4,4,4,4,31,27,23,23,7,3,2,2,2,2,2,2,2,2,2"
4.206610918045044,0.8465,668.337402,7.0,14.0,1.0,"0,19,19,19,4,4,4,4,31,27,22,23,7,3,2,2,2,2,2,2,2,2,2"
4.209924697875977,0.8465,682.390625,8.0,13.0,1.0,"15,30,30,30,31,4,4,4,17,27,22,22,6,3,7,7,7,7,7,7,7,7,7"
4.211689233779907,0.8465,776.304871,14.0,1.0,4.0,"5,22,3,29,11,7,26,8,16,25,10,21,6,4,20,2,18,31,31,31,31,31,31"
4.213330268859863,0.8465,847.583557,7.0,0.0,8.0,"6,8,14,10,9,3,18,21,1,5,11,0,2,4,13,28,20,24,15,12,16,17,7"
4.219563722610474,0.8465,823.149536,11.0,0.0,6.0,"26,20,13,21,1,12,4,6,14,19,8,9,0,7,28,5,17,24,15,23,29,16,16"
4.221969366073608,0.8465,679.743164,8.0,13.0,1.0,"15,30,30,30,31,4,4,4,17,27,22,22,6,3,2,2,2,2,2,2,2,2,2"
4.2226128578186035,0.8465,676.18634,4.0,15.0,2.0,"6,8,8,8,4,4,4,4,31,27,22,23,7,3,2,2,2,2,2,2,2,13,13"
4.224891424179077,0.8465,691.060852,6.0,15.0,1.0,"1,1,1,1,4,4,4,4,17,27,22,22,7,3,2,2,2,2,2,2,2,24,31"
4.2258217334747314,0.8465,740.707397,14.0,7.0,1.0,"29,23,23,23,20,4,4,4,17,27,28,24,6,3,7,7,7,19,19,19,19,19,8"
4.229687929153442,0.8465,825.826416,7.0,0.0,8.0,"6,8,14,10,9,3,18,22,1,5,11,0,2,4,13,28,20,26,15,12,16,16,7"
4.229899168014526,0.8465,820.503357,7.0,0.0,8.0,"6,8,14,10,9,3,18,17,1,5,11,0,2,4,13,28,20,24,15,12,16,16,7"
4.230807781219482,0.8465,718.734314,5.0,16.0,1.0,"1,1,1,1,4,4,4,4,15,27,22,22,7,3,2,2,2,2,2,2,2,19,19"
4.231738567352295,0.8465,676.749512,5.0,16.0,1.0,"1,1,1,1,31,4,4,4,18,27,22,22,6,3,2,2,2,2,2,2,2,2,2"
4.235099792480469,0.8465,822.070007,12.0,1.0,5.0,"26,20,13,21,1,12,4,6,14,19,8,9,0,7,28,5,17,24,25,23,16,16,16"
4.235429763793945,0.8465,810.794373,6.0,1.0,8.0,"6,8,14,10,9,3,3,22,1,5,11,0,2,4,13,28,20,24,15,12,16,16,7"
4.239125728607178,0.8465,814.120972,7.0,0.0,8.0,"6,8,14,10,9,3,18,29,1,5,11,0,2,4,13,28,20,24,15,12,16,16,7"
4.239550828933716,0.8465,815.823547,12.0,1.0,5.0,"26,20,13,21,1,12,4,6,14,19,8,9,0,7,28,5,17,24,24,23,16,16,16"
4.241728067398071,0.8465,679.35083,6.0,15.0,1.0,"1,1,1,1,4,4,4,4,17,27,22,22,7,3,2,2,2,2,2,2,2,19,19"
4.244107484817505,0.8465,809.743591,7.0,0.0,8.0,"6,8,14,10,9,3,18,29,1,5,11,0,2,4,13,28,20,27,15,12,16,16,7"
4.244897365570068,0.8465,659.791199,7.0,10.0,3.0,"6,19,19,19,4,5,5,5,31,27,22,23,7,3,2,2,2,2,2,2,2,2,2"
4.24677038192749,0.8465,661.568054,4.0,15.0,2.0,"6,8,8,8,4,4,4,4,31,27,22,23,7,3,2,2,2,2,2,2,2,2,2"
4.259444713592529,0.8465,687.396118,4.0,17.0,1.0,"1,1,1,1,4,4,4,4,17,27,22,22,7,3,2,2,2,2,2,2,2,2,2"
4.262706995010376,0.8465,818.411072,11.0,0.0,6.0,"26,20,13,21,1,12,4,6,14,19,8,9,0,7,28,5,17,24,15,23,16,16,16"
4.263034343719482,0.8465,781.026123,18.0,3.0,1.0,"22,22,12,12,24,26,26,20,16,25,25,21,13,10,23,23,9,29,29,29,29,29,29"
4.283467531204224,0.8465,762.689514,15.0,6.0,1.0,"22,22,27,27,24,8,8,20,16,25,25,21,3,12,23,9,9,9,9,29,29,29,29"
4.289278268814087,0.8465,676.750916,4.0,17.0,1.0,"8,8,8,8,4,4,4,4,31,27,22,23,7,3,2,2,2,2,2,2,2,2,2"
4.29247260093689,0.8465,815.693176,12.0,1.0,5.0,"26,20,13,21,21,12,4,6,14,19,8,9,0,7,28,5,17,24,15,23,16,16,16"
4.2934348583221436,0.8465,729.648499,11.0,12.0,0.0,"29,29,29,29,5,5,5,5,17,27,22,24,1,3,7,7,7,7,7,19,19,19,10"
4.295302629470825,0.8465,818.788147,19.0,4.0,0.0,"22,22,18,18,24,26,26,20,16,25,0,21,13,10,23,23,9,29,29,29,29,29,29"
4.298684358596802,0.8465,680.512207,14.0,7.0,1.0,"29,23,23,23,4,4,4,4,17,27,28,28,6,3,7,7,7,25,25,25,25,25,18"
4.303184509277344,0.8465,671.691589,5.0,16.0,1.0,"18,8,8,8,4,4,4,4,31,27,22,23,7,3,2,2,2,2,2,2,2,2,2"
4.312879800796509,0.8465,690.245361,12.0,9.0,1.0,"29,29,29,29,5,5,5,5,17,27,22,24,6,3,7,7,7,7,7,19,19,19,16"
4.320207357406616,0.8465,733.995605,6.0,17.0,0.0,"9,9,9,1,1,1,1,1,18,26,17,29,6,15,2,2,2,2,2,2,2,22,24"
4.322251081466675,0.8465,784.814514,16.0,7.0,0.0,"22,22,27,27,24,26,26,20,16,25,25,21,3,12,9,9,9,9,9,29,29,29,29"
4.325413942337036,0.8465,689.97821,13.0,8.0,1.0,"29,23,23,23,4,4,4,4,17,27,28,28,6,3,7,7,7,25,25,25,25,25,8"
4.327317953109741,0.8465,714.713806,0.0,13.0,5.0,"10,10,10,10,3,3,3,14,7,11,11,6,1,0,13,12,12,12,12,12,12,12,2"
4.329488039016724,0.8465,726.056091,11.0,12.0,0.0,"29,29,29,29,5,5,5,5,17,27,22,24,6,3,9,9,9,9,9,19,19,19,10"
4.333973169326782,0.8465,756.691101,16.0,5.0,1.0,"22,2,27,27,24,26,26,20,16,25,25,21,3,12,23,9,9,9,9,29,29,29,29"
4.342675447463989,0.8465,793.443604,15.0,8.0,0.0,"22,22,27,15,24,26,26,20,16,25,25,21,3,12,9,9,9,9,9,29,29,29,29"
4.343492746353149,0.8465,789.467102,15.0,8.0,0.0,"22,22,27,27,24,26,26,20,16,25,10,21,3,12,9,9,9,9,9,29,29,29,29"
4.343960285186768,0.0,830.259949,15.0,6.0,1.0,"6,0,18,26,3,29,29,12,27,19,9,9,14,2,17,21,28,23,30,20,17,17,17"
4.346512317657471,0.0,841.66925,16.0,5.0,1.0,"6,0,18,26,26,29,29,8,27,19,9,9,14,2,17,21,28,23,30,20,17,17,17"
4.347788572311401,0.8465,676.669739,6.0,15.0,1.0,"17,8,8,19,4,4,4,4,31,27,22,23,7,3,2,2,2,2,2,2,2,2,2"
4.365318775177002,0.0,797.950867,8.0,13.0,1.0,"6,0,0,26,4,4,4,4,27,19,9,9,14,2,17,10,13,23,7,7,17,17,17"
4.365667819976807,0.8465,783.269165,8.0,1.0,7.0,"6,8,14,10,9,23,23,1,1,26,11,15,7,0,2,3,13,12,21,21,21,21,21"
4.382613182067871,0.8465,781.771301,17.0,6.0,0.0,"22,17,27,27,24,26,26,20,16,25,25,21,3,12,23,9,9,9,9,29,29,29,29"
4.3862974643707275,0.8465,894.861389,13.0,0.0,5.0,"27,30,7,31,9,24,17,21,22,6,4,3,8,0,16,18,1,28,25,29,5,23,2"
4.394623517990112,0.8465,813.593628,19.0,4.0,0.0,"22,22,27,17,24,26,26,20,16,25,25,21,3,12,23,9,9,28,28,28,28,28,28"
4.4049201011657715,0.8465,782.469238,19.0,4.0,0.0,"22,22,27,27,24,26,26,20,16,25,25,21,3,12,23,9,9,28,28,28,28,28,28"
4.4069664478302,0.8465,743.787598,10.0,13.0,0.0,"8,8,8,8,30,3,3,23,7,11,11,18,4,0,13,13,21,21,21,21,21,21,20"
4.41884446144104,0.8465,711.322083,2.0,11.0,5.0,"10,10,10,10,3,3,3,18,7,11,11,6,1,0,13,24,12,12,12,12,12,12,2"
4.424005031585693,0.1025,880.177673,11.0,6.0,3.0,"6,0,18,26,4,3,11,12,27,19,9,9,14,2,17,21,28,23,30,7,17,17,1"
4.428107738494873,0.8465,717.06897,14.0,5.0,2.0,"29,23,23,23,5,4,4,4,16,27,28,28,6,3,2,2,19,19,26,25,25,25,8"
4.439492702484131,0.8465,801.266479,20.0,1.0,1.0,"22,22,27,27,24,26,26,20,16,25,25,21,13,10,23,23,11,29,29,29,29,29,29"
4.439874887466431,0.8465,796.120361,19.0,2.0,1.0,"22,12,27,27,24,26,26,20,16,25,25,21,13,10,23,23,9,29,29,29,29,29,29"
4.454297065734863,0.8465,851.027222,20.0,3.0,0.0,"22,22,27,27,24,26,26,20,16,25,25,21,13,10,23,23,9,29,29,29,29,29,29"
4.457547426223755,0.8465,806.374268,20.0,3.0,0.0,"22,22,27,27,24,26,26,20,16,25,25,21,13,10,23,23,9,29,17,17,17,17,17"
4.468275308609009,0.8465,748.941772,17.0,0.0,3.0,"5,22,3,29,29,7,26,26,16,25,25,21,6,4,20,2,31,31,27,27,27,27,27"
4.478747129440308,0.8465,776.819397,20.0,3.0,0.0,"22,22,22,22,24,26,26,20,16,25,25,21,13,10,23,23,9,29,29,29,29,29,29"
4.481226921081543,0.8465,721.687195,17.0,4.0,1.0,"27,27,27,27,24,26,26,20,16,25,25,6,13,12,1,1,1,28,28,29,29,29,29"
4.484596490859985,0.8465,726.750366,1.0,10.0,6.0,"10,10,10,10,3,3,3,14,7,11,15,6,1,0,13,24,12,12,12,12,12,12,2"
4.495317459106445,0.8465,762.546997,19.0,2.0,1.0,"27,27,27,27,24,26,26,20,16,25,25,21,13,12,23,8,8,28,28,29,29,29,29"
4.49583888053894,0.8465,772.869019,18.0,3.0,1.0,"22,22,27,27,24,26,26,2,16,25,25,21,13,12,23,9,9,28,28,29,29,29,29"
4.521196603775024,0.8465,744.061707,16.0,5.0,1.0,"27,27,27,27,31,1,1,1,16,25,25,21,13,12,23,23,28,7,7,29,29,29,29"
4.529621124267578,0.8465,704.528198,15.0,4.0,2.0,"27,27,27,27,31,1,1,1,6,25,25,21,13,12,16,16,16,7,7,29,29,29,29"
4.53920841217041,0.8465,765.552673,13.0,2.0,4.0,"21,20,1,27,27,8,10,17,12,13,24,29,5,7,9,16,16,0,19,4,18,18,18"
4.569550037384033,0.8465,768.267395,18.0,3.0,1.0,"22,22,27,27,24,26,26,0,16,25,25,21,13,12,23,15,15,28,28,31,31,29,29"
4.569565534591675,0.0,850.744507,17.0,6.0,0.0,"6,0,18,26,26,29,29,12,27,19,9,16,14,2,17,21,28,23,30,20,17,17,17"
4.569768905639648,0.8465,765.0448,15.0,0.0,4.0,"5,22,3,29,11,7,26,26,16,24,10,21,6,4,20,2,31,31,31,18,18,18,18"
4.582953214645386,0.1025,790.069519,10.0,9.0,2.0,"6,0,0,26,4,4,4,4,27,19,9,9,14,2,17,21,28,23,30,7,17,17,1"
4.586073875427246,0.8465,670.854431,6.0,15.0,1.0,"6,19,19,19,4,4,4,4,31,27,22,15,15,3,2,2,2,2,2,2,2,2,2"
4.587135314941406,0.8465,673.166138,4.0,13.0,3.0,"6,5,5,5,4,4,4,4,29,27,22,22,7,3,2,2,2,2,2,2,2,2,2"
4.587639570236206,0.8465,764.884644,12.0,3.0,4.0,"5,22,3,29,11,7,30,30,16,24,10,21,6,4,20,2,31,31,31,31,13,13,13"
4.600784063339233,0.8465,669.062378,4.0,13.0,3.0,"6,5,5,5,4,4,4,4,29,27,22,17,7,3,2,2,2,2,2,2,2,2,2"
4.602007627487183,0.8465,667.934143,4.0,13.0,3.0,"6,5,5,5,4,4,4,4,29,27,22,17,7,3,2,2,2,2,2,2,2,11,11"
4.611711502075195,0.8465,688.494141,4.0,11.0,4.0,"6,5,5,5,4,4,4,4,29,27,22,17,7,3,2,2,2,2,10,10,10,11,11"
4.620311498641968,0.8465,722.078125,19.0,2.0,1.0,"27,27,27,27,31,26,26,20,16,25,25,21,13,12,23,23,24,7,7,29,29,29,29"
4.640763759613037,0.8465,758.812134,15.0,0.0,4.0,"5,22,3,29,11,7,30,30,16,24,10,21,6,4,20,2,31,31,31,31,26,26,26"
4.654225587844849,0.8465,720.65448,16.0,3.0,2.0,"27,27,27,27,31,1,1,20,6,25,25,21,13,12,16,16,16,7,7,29,29,29,29"
4.663366317749023,0.8465,729.229858,7.0,16.0,0.0,"29,29,29,29,5,5,5,5,17,27,31,1,1,3,7,7,7,7,7,7,7,7,10"
4.67793607711792,0.8465,743.527893,12.0,11.0,0.0,"29,29,29,29,5,5,21,21,17,27,22,1,1,3,7,7,7,7,7,19,19,19,10"
4.688960790634155,0.8465,719.516724,16.0,3.0,2.0,"27,27,27,27,31,2,2,20,6,25,25,21,13,12,16,16,16,7,7,29,29,29,29"
4.706930160522461,0.0,771.069336,12.0,11.0,0.0,"6,6,1,4,4,4,4,12,12,27,29,29,14,2,17,21,28,28,20,22,17,17,17"
4.735180854797363,0.8465,742.321838,17.0,2.0,2.0,"5,22,3,19,28,7,26,26,16,25,25,21,6,10,20,2,31,31,31,31,31,31,31"
4.737340688705444,0.8465,729.724976,15.0,2.0,3.0,"5,22,3,3,3,7,26,26,16,25,25,21,6,4,20,2,31,31,31,31,31,31,31"
4.738607168197632,0.8465,736.732605,17.0,0.0,3.0,"5,22,3,19,28,7,26,26,16,25,25,21,6,4,20,2,31,31,31,31,31,31,31"
4.740360498428345,0.8465,748.856506,14.0,1.0,4.0,"5,22,3,3,11,7,30,30,16,24,10,21,6,4,20,2,31,31,31,31,31,31,31"
4.740401268005371,0.8465,745.757019,16.0,1.0,3.0,"5,15,3,29,29,7,26,26,16,25,25,21,6,4,20,2,31,31,31,31,31,31,31"
4.760987758636475,0.8465,732.493103,17.0,2.0,2.0,"5,22,3,29,29,7,26,26,16,25,25,21,6,13,20,2,31,31,31,31,31,31,31"
4.776405572891235,0.8465,751.361084,18.0,1.0,2.0,"5,22,3,19,19,29,26,26,16,25,25,21,6,4,20,2,31,31,31,31,31,31,31"
4.780781030654907,0.8465,732.86908,14.0,9.0,0.0,"1,1,1,1,31,4,4,4,17,27,22,22,6,3,30,30,19,19,19,19,19,19,19"
4.788412809371948,0.8465,732.436096,16.0,1.0,3.0,"5,22,3,19,19,7,26,26,16,25,25,21,6,4,2,2,31,31,31,31,31,31,31"
4.809067487716675,0.8465,747.174622,14.0,1.0,4.0,"5,3,3,29,11,7,26,26,16,24,10,21,6,4,20,2,31,31,31,31,31,31,31"
4.813462018966675,0.8465,706.663147,16.0,5.0,1.0,"27,27,27,27,31,1,1,1,16,25,25,21,13,12,23,23,23,7,7,29,29,29,29"
4.838419198989868,0.8465,733.028687,18.0,3.0,1.0,"27,27,27,27,31,1,1,20,6,25,25,21,13,12,16,16,16,29,29,29,29,29,29"
4.8469038009643555,0.8465,755.313416,15.0,0.0,4.0,"5,22,3,29,11,7,30,30,16,24,10,21,6,4,20,2,31,31,31,31,31,31,31"
4.848222970962524,0.8465,724.482056,16.0,1.0,3.0,"5,5,3,19,19,7,26,26,16,25,25,21,6,4,20,2,31,31,31,31,31,31,31"
4.851234674453735,0.8465,717.291199,14.0,3.0,3.0,"29,23,23,23,5,4,4,4,17,27,28,28,6,3,7,24,24,2,26,25,25,25,8"
4.854707717895508,0.8465,726.629456,20.0,1.0,1.0,"27,27,27,27,31,26,26,20,16,25,25,0,13,12,23,23,23,28,28,29,29,29,29"
4.861511468887329,0.8465,729.675293,21.0,0.0,1.0,"27,27,27,27,24,26,26,20,16,25,25,21,13,12,23,23,31,28,28,29,29,29,29"
4.897679090499878,0.8465,748.010925,18.0,1.0,2.0,"18,22,3,29,29,7,26,26,16,25,25,21,6,4,20,2,31,31,31,31,31,31,31"
4.931427478790283,0.8465,714.646362,14.0,5.0,2.0,"27,27,27,27,31,2,2,20,6,6,6,21,13,12,16,16,16,7,7,29,29,29,29"
4.933328866958618,0.8465,735.671387,15.0,6.0,1.0,"29,23,23,23,4,4,4,4,17,27,28,28,6,3,30,30,30,2,31,25,25,25,8"
4.936620712280273,0.8465,764.460815,13.0,2.0,4.0,"5,22,3,29,11,7,7,7,16,24,10,21,6,4,20,2,31,31,31,31,31,31,31"
4.946959495544434,0.8465,716.007812,15.0,6.0,1.0,"11,11,11,11,24,0,0,20,16,25,25,21,13,12,23,23,23,28,28,29,29,29,29"
4.9625163078308105,0.8465,770.386719,17.0,6.0,0.0,"27,27,27,27,31,1,1,20,16,25,25,21,14,12,23,23,23,7,7,29,29,29,29"
5.0108482837677,0.8465,725.012817,14.0,9.0,0.0,"1,1,1,1,31,4,4,4,18,27,22,22,6,3,16,16,23,23,23,23,23,23,23"
5.011569499969482,0.0,716.219116,11.0,12.0,0.0,"10,12,0,0,0,31,31,23,24,22,4,4,29,17,17,2,2,2,2,2,17,17,17"
5.014905214309692,0.8465,711.235779,17.0,4.0,1.0,"27,27,27,27,31,1,1,20,16,25,25,21,13,12,23,23,23,7,7,29,29,29,29"
5.035980701446533,0.8465,713.079102,19.0,2.0,1.0,"27,27,27,27,31,26,26,20,16,25,25,21,13,12,23,23,23,7,1,29,29,29,29"
5.044786214828491,0.8465,707.666687,19.0,2.0,1.0,"27,27,27,27,31,26,26,20,16,25,25,21,13,12,23,23,23,14,14,29,29,29,29"
5.052834987640381,0.8465,711.056213,15.0,6.0,1.0,"27,27,27,27,31,26,26,20,16,25,25,21,13,12,23,23,23,7,7,7,7,7,7"
5.05422568321228,0.8465,723.916138,18.0,3.0,1.0,"27,27,27,27,31,1,1,20,16,25,25,21,13,12,23,23,23,7,30,29,29,29,29"
5.060253858566284,0.8465,702.206421,19.0,2.0,1.0,"27,27,27,27,31,26,26,20,16,25,25,21,13,12,23,23,23,7,7,29,29,29,29"
5.062080383300781,0.8465,710.81665,20.0,1.0,1.0,"27,27,27,27,31,26,26,20,16,25,25,21,13,12,23,23,23,7,24,29,29,29,29"
5.074323654174805,0.8465,717.248169,18.0,3.0,1.0,"27,27,27,27,31,26,26,20,16,25,3,21,13,12,23,23,23,1,1,29,29,29,29"
5.090105295181274,0.8465,866.061401,21.0,2.0,0.0,"22,22,27,27,24,26,26,20,16,25,25,21,13,10,23,23,29,29,29,29,29,29,29"
5.102803468704224,0.0,793.579529,7.0,16.0,0.0,"6,12,0,0,0,0,0,23,14,22,4,4,4,28,17,2,2,2,2,2,17,17,17"
5.118114471435547,0.8465,706.76709,17.0,4.0,1.0,"7,7,7,7,31,26,26,20,16,25,25,21,13,12,23,23,23,28,28,29,29,29,29"
5.13101053237915,0.8465,850.395691,21.0,2.0,0.0,"22,22,27,17,24,26,26,20,16,25,25,21,13,10,23,23,29,29,29,29,29,29,29"
5.140554189682007,0.0,798.660583,15.0,8.0,0.0,"6,6,18,26,26,4,4,12,12,27,29,29,14,2,17,21,21,23,20,20,17,17,17"
5.14661431312561,0.8465,762.62677,19.0,4.0,0.0,"27,27,27,27,24,0,0,20,16,25,25,21,15,12,23,23,23,28,28,29,29,29,29"
5.148270606994629,0.8465,680.33783,14.0,5.0,2.0,"29,5,5,5,5,4,30,30,17,27,28,28,22,3,7,2,2,25,25,25,25,25,25"
5.162571430206299,0.8465,782.162781,21.0,2.0,0.0,"27,27,27,27,31,26,26,20,16,25,25,21,6,12,23,23,23,28,28,29,29,29,29"
5.1722211837768555,0.8465,750.516174,21.0,2.0,0.0,"27,27,27,27,31,26,26,20,16,25,25,21,14,12,23,23,23,28,28,29,29,29,29"
5.18874979019165,0.8465,709.620728,21.0,0.0,1.0,"27,27,27,27,31,26,26,20,16,25,25,21,13,12,23,23,23,28,28,29,29,29,29"
5.193511486053467,0.1025,819.828796,9.0,12.0,1.0,"6,0,0,0,0,0,0,12,27,7,9,9,9,28,17,21,2,23,30,11,17,17,31"
5.216094017028809,0.0,741.265625,8.0,13.0,1.0,"4,4,4,4,4,4,4,12,12,27,14,14,14,17,17,13,3,23,20,11,17,17,17"
5.221548795700073,0.8465,719.24884,12.0,11.0,0.0,"29,29,29,29,5,5,5,5,17,27,22,24,1,21,7,7,7,7,7,19,19,19,10"
5.230026483535767,0.8465,715.525269,18.0,3.0,1.0,"27,27,27,27,31,26,26,20,16,25,25,21,13,12,23,23,23,28,28,29,0,0,0"
5.23452615737915,0.8465,745.886841,18.0,1.0,2.0,"5,22,3,19,19,7,26,26,16,25,25,21,6,4,20,30,31,31,31,31,31,31,31"
5.269869089126587,0.1025,792.818726,9.0,8.0,3.0,"6,0,0,26,4,4,11,11,27,19,9,9,14,28,17,10,13,23,30,7,17,17,1"
5.299721002578735,0.0,756.686096,10.0,13.0,0.0,"4,4,4,4,4,4,4,12,12,27,14,14,14,17,17,30,3,23,20,20,17,17,17"
5.303701877593994,0.0,748.274902,9.0,14.0,0.0,"4,4,4,4,4,4,4,12,12,27,14,14,14,17,17,30,3,23,20,11,17,17,17"
5.311880350112915,0.0,769.559937,12.0,11.0,0.0,"18,25,4,4,4,4,4,12,12,27,14,14,14,17,17,30,3,23,20,22,17,17,17"
5.325281381607056,0.0,791.935059,12.0,9.0,1.0,"18,7,6,4,4,4,4,0,10,10,29,29,8,17,17,21,3,23,20,24,17,17,17"
5.3421642780303955,0.8465,781.937012,19.0,0.0,2.0,"22,22,27,1,24,26,26,0,16,25,25,21,13,12,23,23,23,28,28,31,31,29,29"
5.354892730712891,0.8465,751.630554,15.0,8.0,0.0,"3,7,7,7,7,7,7,18,16,20,20,21,4,24,24,19,19,31,31,31,31,31,31"
5.407792091369629,0.0,736.312805,9.0,14.0,0.0,"6,12,0,0,0,0,0,23,24,22,4,4,29,28,17,2,2,2,2,2,17,17,17"
5.414704322814941,0.1025,818.789856,15.0,6.0,1.0,"18,19,7,4,8,30,30,0,10,27,29,29,14,17,17,21,3,2,20,24,17,17,22"
5.4247519969940186,0.0,776.655762,13.0,10.0,0.0,"18,19,7,4,4,4,4,12,12,27,29,29,14,17,17,21,3,23,1,22,17,17,17"
5.43734073638916,0.0,767.941956,8.0,15.0,0.0,"6,12,0,9,9,9,9,16,14,22,4,4,29,28,17,2,2,2,2,2,17,17,17"
5.438884735107422,0.0,765.498596,14.0,9.0,0.0,"18,19,1,4,4,4,4,12,12,27,29,29,14,17,17,21,3,23,20,22,17,17,17"
5.442282676696777,0.0,807.763611,16.0,7.0,0.0,"18,19,7,4,4,30,30,0,10,27,29,29,14,17,17,21,3,23,20,24,17,17,17"
5.459304571151733,0.0,789.2771,15.0,8.0,0.0,"18,19,7,4,4,30,13,0,0,27,29,29,14,17,17,21,3,23,20,24,17,17,17"
5.47835898399353,0.0,765.07196,17.0,6.0,0.0,"18,19,7,4,4,30,30,0,22,27,29,29,14,17,17,21,3,23,20,24,17,17,17"
5.5063371658325195,0.0,759.049011,15.0,8.0,0.0,"18,19,7,4,4,4,4,12,12,27,29,29,14,17,17,21,23,23,20,22,17,17,17"
5.508371114730835,0.0,771.760376,16.0,7.0,0.0,"18,19,7,4,4,30,30,0,0,27,29,29,14,17,17,28,3,23,20,24,17,17,17"
5.525143384933472,0.0,745.643921,16.0,5.0,1.0,"18,19,7,15,15,30,30,0,0,27,29,29,14,17,17,21,3,23,20,22,17,17,17"
5.526428937911987,0.8465,697.025085,15.0,6.0,1.0,"29,5,5,5,5,4,30,30,20,27,28,28,22,18,7,7,7,25,25,25,25,25,25"
5.530534267425537,0.0,783.332825,15.0,6.0,1.0,"18,19,31,4,2,2,2,12,12,27,29,29,14,17,17,21,3,23,20,22,17,17,17"
5.538804531097412,0.8465,713.10553,14.0,9.0,0.0,"10,5,5,5,5,5,30,30,17,27,28,28,22,18,7,7,7,25,25,25,25,25,25"
5.544687747955322,0.8465,893.380554,13.0,0.0,5.0,"28,25,31,3,21,22,5,29,20,10,12,19,26,13,17,6,2,16,4,11,7,30,18"
5.550503253936768,0.0,772.835999,13.0,10.0,0.0,"18,25,4,4,4,4,4,12,12,27,14,14,14,17,17,30,31,23,20,22,17,17,17"
5.552997827529907,0.8465,872.667908,13.0,0.0,5.0,"28,28,28,3,21,22,5,29,20,10,12,19,26,13,27,6,2,16,4,11,7,24,18"
5.56810736656189,0.8465,712.234131,15.0,8.0,0.0,"29,5,5,5,5,5,30,30,17,27,28,28,22,18,7,7,7,25,25,25,25,25,25"
5.572045564651489,0.8465,691.58075,7.0,16.0,0.0,"6,6,6,6,6,6,6,20,20,24,24,16,19,31,1,1,1,1,1,1,1,1,1"
5.5736000537872314,0.8465,696.476685,15.0,6.0,1.0,"29,5,5,5,5,4,30,30,17,27,28,28,22,18,7,7,7,25,25,25,25,25,25"
5.578342437744141,0.0,783.452637,8.0,9.0,3.0,"6,0,0,12,4,4,11,11,27,19,9,9,14,17,17,10,13,23,7,7,17,17,17"
5.579751253128052,0.8465,869.879089,13.0,0.0,5.0,"28,25,25,3,21,22,5,29,20,10,12,19,26,13,17,6,2,16,4,11,7,30,18"
5.594466209411621,0.8465,863.170715,13.0,0.0,5.0,"28,25,25,3,21,22,5,29,20,10,12,19,26,13,27,6,2,16,4,11,7,30,18"
5.598684549331665,0.8465,695.435242,15.0,6.0,1.0,"29,5,5,5,5,4,30,30,17,27,28,28,20,18,7,7,7,25,25,25,25,25,25"
5.608458518981934,0.1025,821.67395,10.0,7.0,3.0,"6,0,0,26,31,31,11,11,27,19,9,9,14,2,17,10,13,23,30,7,17,17,1"
5.626444101333618,0.8465,854.63324,13.0,0.0,5.0,"28,25,25,3,21,22,5,29,20,10,12,19,26,13,27,6,2,16,4,11,7,24,18"
5.629741907119751,0.8465,709.481384,9.0,14.0,0.0,"4,4,4,4,4,26,26,20,20,24,24,16,19,31,1,1,1,1,1,1,1,1,1"
5.652691841125488,0.8465,718.608032,13.0,10.0,0.0,"3,3,3,3,3,18,18,20,20,25,25,4,17,1,1,1,1,28,28,28,28,28,28"
5.658110618591309,0.8465,697.873901,10.0,13.0,0.0,"22,3,3,3,3,26,26,20,20,24,24,16,19,31,1,1,1,1,1,1,1,1,1"
5.676562547683716,0.8465,694.323059,9.0,12.0,1.0,"29,23,23,23,4,4,4,4,17,27,28,28,6,7,7,7,7,2,2,25,12,12,8"
5.685648679733276,0.8465,853.465332,13.0,0.0,5.0,"28,25,25,3,21,22,5,29,20,10,12,19,30,13,27,6,2,16,4,11,7,24,18"
5.693659067153931,0.8465,736.621155,16.0,7.0,0.0,"22,1,1,1,1,26,26,20,20,24,24,16,14,31,31,5,12,28,28,28,28,28,28"
5.699212551116943,0.1025,796.926086,9.0,12.0,1.0,"6,6,15,15,15,15,15,22,27,9,9,4,4,18,17,14,2,23,30,11,17,17,31"
5.716275691986084,0.8465,711.924133,13.0,10.0,0.0,"22,22,22,22,13,26,26,20,20,24,24,16,19,31,1,1,1,1,1,1,1,1,1"
5.73628568649292,0.8465,742.021484,17.0,6.0,0.0,"27,27,27,27,31,1,1,1,16,25,25,21,18,12,23,23,23,7,7,29,29,29,29"
5.746879816055298,0.0,852.270264,9.0,8.0,3.0,"6,0,0,12,26,26,11,11,27,19,9,9,14,2,17,10,13,23,7,7,17,17,17"
5.773718357086182,0.8465,706.224854,17.0,6.0,0.0,"22,1,1,1,1,26,26,20,20,24,24,16,19,30,30,5,15,28,28,28,28,28,28"
5.776553153991699,0.8465,690.889526,15.0,6.0,1.0,"29,5,5,5,5,4,30,30,17,27,28,28,20,22,7,7,7,25,25,25,25,25,25"
5.777787685394287,0.0,779.736511,18.0,5.0,0.0,"22,26,26,26,24,24,24,18,14,14,16,16,29,17,17,21,3,3,3,20,17,17,17"
5.784345865249634,0.8465,723.987793,16.0,7.0,0.0,"15,15,15,15,15,26,26,20,20,24,24,16,19,31,31,5,12,28,28,28,28,28,28"
5.796569347381592,0.0,759.941711,18.0,3.0,1.0,"22,26,26,26,24,24,24,18,14,14,16,16,29,17,17,21,3,15,15,20,17,17,17"
5.8060455322265625,0.8465,719.341736,16.0,7.0,0.0,"2,2,2,2,2,26,26,20,20,24,24,16,19,31,31,5,12,28,28,28,28,28,28"
5.8124918937683105,0.0,791.418335,17.0,4.0,1.0,"19,0,26,26,25,29,29,27,13,15,9,16,22,17,17,1,28,4,30,20,17,17,17"
5.819349527359009,0.8465,715.280701,16.0,7.0,0.0,"2,2,2,2,2,26,26,20,20,24,24,16,18,31,27,5,12,28,28,28,28,28,28"
5.828771352767944,0.1025,817.922424,10.0,7.0,3.0,"6,0,0,0,16,16,11,11,11,19,20,20,14,2,17,10,13,23,30,7,17,17,1"
5.84040379524231,0.0,784.872314,17.0,4.0,1.0,"6,24,18,26,26,4,4,12,15,27,29,29,14,17,17,21,28,23,20,22,17,17,17"
5.856568336486816,0.8465,711.374939,16.0,7.0,0.0,"1,1,1,1,1,26,26,20,20,24,24,16,19,31,31,5,12,28,28,28,28,28,28"
5.85904335975647,0.0,770.810486,16.0,7.0,0.0,"31,26,0,13,9,9,9,27,27,14,16,16,29,17,17,6,23,23,23,20,17,17,17"
5.874467134475708,0.0,745.036072,15.0,4.0,2.0,"6,5,3,26,26,4,4,12,12,19,24,24,22,2,17,21,28,27,20,20,17,17,17"
5.879669666290283,0.0,761.209778,17.0,6.0,0.0,"31,26,0,13,9,9,9,27,27,14,16,16,29,17,17,21,23,23,23,20,17,17,17"
5.883833885192871,0.8465,743.632507,19.0,0.0,2.0,"5,19,4,29,7,28,28,20,16,25,25,21,6,24,23,23,23,17,17,17,17,17,17"
5.886507272720337,0.0,756.837524,16.0,7.0,0.0,"5,26,0,13,9,9,9,27,27,14,16,16,29,17,17,21,28,23,23,20,17,17,17"
5.894068717956543,0.8465,852.308594,13.0,0.0,5.0,"28,25,25,3,21,22,5,29,20,10,12,19,16,13,27,6,2,31,4,11,7,24,18"
5.895118474960327,0.8465,730.659363,19.0,0.0,2.0,"5,22,4,29,7,28,28,20,16,25,25,21,6,24,23,23,23,17,17,17,17,17,17"
5.899799823760986,0.8465,729.542603,19.0,0.0,2.0,"5,22,4,29,7,28,28,20,16,26,26,21,6,24,23,23,23,17,17,17,17,17,17"
5.904257774353027,0.8465,738.78894,18.0,1.0,2.0,"5,22,4,15,7,28,28,20,16,25,25,21,6,24,23,23,23,17,17,17,17,17,17"
5.912487506866455,0.0,744.53479,19.0,4.0,0.0,"8,23,23,23,24,24,24,18,27,14,16,16,29,17,17,21,21,3,3,20,17,17,17"
5.928797483444214,0.8465,850.091431,13.0,0.0,5.0,"28,25,25,3,21,22,5,29,20,10,12,19,30,13,27,6,2,31,4,11,7,24,18"
5.935523509979248,0.0,771.027039,7.0,14.0,1.0,"6,12,0,0,0,0,0,23,14,22,4,4,1,28,17,2,2,2,2,2,17,17,17"
5.941434621810913,0.0,740.74054,18.0,5.0,0.0,"8,23,23,23,24,24,24,18,27,14,16,16,29,17,17,21,21,3,3,10,17,17,17"
5.9503819942474365,0.0,731.792847,20.0,3.0,0.0,"31,23,23,23,24,24,24,18,27,14,16,16,29,17,17,21,21,3,3,20,17,17,17"
6.004902124404907,0.8465,696.386536,15.0,8.0,0.0,"22,22,22,22,22,26,26,20,20,24,24,16,19,31,18,1,1,1,1,1,1,1,1"
6.0049519538879395,0.8465,708.530823,14.0,9.0,0.0,"21,21,21,21,21,26,26,20,20,24,24,16,19,31,1,1,1,1,1,1,1,1,1"
6.01399302482605,0.8465,691.789917,14.0,9.0,0.0,"22,22,22,22,22,26,26,20,20,24,24,16,19,31,7,7,7,7,7,7,7,7,7"
6.0163726806640625,0.8465,693.008362,13.0,10.0,0.0,"22,22,22,22,22,26,26,20,20,24,2,16,19,31,1,1,1,1,1,1,1,1,1"
6.018523216247559,0.8465,707.14032,12.0,11.0,0.0,"22,22,22,22,22,6,6,20,20,24,24,16,19,31,1,1,1,1,1,1,1,1,1"
6.031233072280884,0.0,866.247498,9.0,12.0,1.0,"7,22,15,14,14,14,14,4,9,9,9,9,0,17,17,2,25,12,26,28,17,17,17"
6.03296160697937,0.0,725.02002,19.0,4.0,0.0,"22,26,26,26,24,24,24,18,14,14,16,16,29,17,17,21,28,3,3,20,17,17,17"
6.035322904586792,0.0,834.954773,11.0,6.0,3.0,"7,28,15,14,25,25,25,12,9,9,9,9,11,17,17,2,6,23,30,8,17,17,17"
6.0380332469940186,0.0,800.440735,22.0,1.0,0.0,"31,22,22,22,24,24,24,27,27,14,16,18,29,17,17,21,23,23,23,19,17,17,17"
6.040734052658081,0.0,825.618347,9.0,12.0,1.0,"4,4,4,4,4,4,4,5,5,27,14,14,14,17,17,30,3,23,20,11,17,17,17"
6.04155158996582,0.8465,738.895569,18.0,5.0,0.0,"22,22,22,22,22,26,26,20,20,24,24,16,19,31,1,1,1,1,25,25,25,25,8"
6.053650617599487,0.8465,691.480957,14.0,9.0,0.0,"22,22,22,22,22,26,26,20,20,24,21,16,19,31,1,1,1,1,1,1,1,1,1"
6.053754806518555,0.8465,686.366028,13.0,8.0,1.0,"22,22,22,22,22,26,26,20,20,0,0,16,19,31,18,1,1,1,1,1,1,1,1"
6.054563522338867,0.0,724.636047,22.0,1.0,0.0,"22,22,22,22,24,24,24,27,27,14,16,18,29,17,17,21,23,23,23,19,17,17,17"
6.063347816467285,0.0,762.343811,14.0,9.0,0.0,"18,25,4,4,4,4,4,26,26,27,14,14,14,17,17,30,3,23,20,22,17,17,17"
6.069608926773071,0.8465,713.481506,18.0,5.0,0.0,"22,22,22,22,22,26,26,20,20,25,25,4,17,1,1,1,1,28,28,28,28,28,28"
6.07059645652771,0.8465,711.900269,18.0,5.0,0.0,"22,22,22,22,22,18,18,20,20,25,25,4,17,1,1,1,1,28,28,28,28,28,28"
6.07647705078125,0.8465,712.342163,20.0,3.0,0.0,"22,22,22,22,22,26,26,20,20,25,25,4,17,30,30,1,1,28,28,28,28,28,28"
6.078327417373657,0.0,747.651062,19.0,2.0,1.0,"31,26,26,13,24,24,24,27,27,14,16,16,29,17,17,21,28,15,15,20,17,17,17"
6.087684631347656,0.8465,710.592529,21.0,2.0,0.0,"22,22,22,22,22,26,26,20,20,25,25,18,17,30,30,1,1,28,28,28,28,28,28"
6.088243722915649,0.0,842.168213,10.0,5.0,4.0,"7,28,15,14,25,25,3,12,9,9,9,9,11,17,17,2,6,23,30,8,17,17,17"
6.099910259246826,0.0,853.440308,11.0,8.0,2.0,"6,0,0,26,26,26,11,11,27,19,9,9,14,2,17,10,13,23,30,7,17,17,17"
6.107664108276367,0.0,735.30249,18.0,5.0,0.0,"22,26,26,26,24,24,12,18,14,14,16,16,29,17,17,21,28,3,3,20,17,17,17"
6.125446557998657,0.0,764.331604,21.0,2.0,0.0,"31,26,26,13,24,24,24,27,27,14,16,16,29,17,17,21,28,23,23,20,17,17,17"
6.13000750541687,0.8465,708.606445,21.0,2.0,0.0,"22,22,22,22,22,26,26,20,20,24,24,16,19,31,31,5,12,28,28,28,28,28,28"
6.140994310379028,0.0,762.781372,21.0,2.0,0.0,"26,26,26,13,24,24,24,27,27,14,16,16,29,17,17,21,28,23,23,20,17,17,17"
6.141287565231323,0.8465,732.936279,6.0,17.0,0.0,"1,1,1,1,4,4,4,4,17,27,22,22,7,2,2,2,2,2,2,2,2,19,19"
6.156575679779053,0.0,826.505005,6.0,15.0,1.0,"6,0,15,15,15,15,15,15,9,13,13,19,10,10,17,2,2,2,30,11,17,17,17"
6.162792205810547,0.8465,722.686951,19.0,4.0,0.0,"19,19,19,19,19,26,26,20,20,25,25,23,17,30,10,13,13,13,21,21,21,21,21"
6.162878751754761,0.8465,699.98761,17.0,4.0,1.0,"13,13,13,13,13,26,26,20,20,24,24,16,19,31,31,23,12,28,28,28,28,28,28"
6.167834997177124,0.1025,817.946289,6.0,15.0,1.0,"6,0,15,15,15,15,15,26,9,9,9,9,7,7,17,2,2,2,30,11,17,17,31"
6.187762260437012,0.8465,709.199951,20.0,3.0,0.0,"19,19,19,19,19,26,26,20,20,25,25,23,17,30,30,13,13,13,21,21,21,21,21"
6.201212644577026,0.8465,705.251404,16.0,7.0,0.0,"22,27,27,27,27,26,26,20,20,24,24,16,19,31,31,23,1,1,1,1,1,1,1"
6.210230350494385,0.8465,703.332458,18.0,3.0,1.0,"22,13,13,13,13,26,26,20,20,24,24,16,19,31,31,23,12,28,28,28,28,28,28"
6.2105958461761475,0.0,778.052856,17.0,4.0,1.0,"31,26,0,13,9,9,9,27,27,25,16,16,29,17,17,21,23,23,23,12,17,17,17"
6.224422931671143,0.0,844.722107,4.0,15.0,2.0,"6,0,15,15,15,15,15,15,9,13,13,13,10,10,17,2,2,2,8,11,17,17,17"
6.234996557235718,0.8465,704.115173,16.0,7.0,0.0,"22,22,22,22,22,26,26,20,20,24,24,16,19,31,31,23,1,1,1,1,1,1,1"
6.262137413024902,0.8465,697.952271,19.0,4.0,0.0,"22,22,22,22,22,26,26,20,20,24,24,16,19,31,31,23,1,1,1,1,27,27,27"
6.2737157344818115,0.0,795.706604,6.0,17.0,0.0,"26,15,15,15,0,0,0,0,0,9,11,11,11,17,17,12,12,12,6,6,17,17,17"
6.2794458866119385,0.0,751.297913,21.0,2.0,0.0,"31,26,26,22,22,22,22,25,27,24,16,18,29,17,17,11,1,23,23,20,17,17,17"
6.279812812805176,0.0,842.121216,5.0,14.0,2.0,"14,0,15,15,15,15,15,15,9,13,13,13,10,10,17,2,2,2,30,11,17,17,17"
6.288699388504028,0.0,842.495972,4.0,17.0,1.0,"6,0,15,15,15,15,15,15,9,13,13,13,10,10,17,2,2,2,2,11,17,17,17"
6.298359632492065,0.0,803.672974,4.0,17.0,1.0,"6,15,15,15,15,15,15,15,9,13,13,13,10,10,17,2,2,2,2,11,17,17,17"
6.301313638687134,0.0,956.73175,5.0,16.0,1.0,"6,0,15,15,15,15,15,15,9,13,13,13,10,10,17,2,2,2,30,11,17,17,17"
6.302594184875488,0.0,850.681946,5.0,16.0,1.0,"25,0,15,15,15,15,15,15,9,13,13,13,10,10,17,2,2,2,4,11,17,17,17"
6.303999662399292,0.0,791.639832,6.0,17.0,0.0,"26,15,15,15,0,0,0,0,0,9,11,11,11,29,17,12,12,12,6,6,17,17,17"
6.3065431118011475,0.8465,733.172119,18.0,1.0,2.0,"22,22,22,22,22,27,3,20,20,24,24,16,19,13,13,23,12,28,28,28,28,28,2"
6.325971603393555,0.1095,930.033508,16.0,3.0,2.0,"6,8,18,28,28,28,14,16,27,25,9,2,15,17,17,21,23,23,30,0,17,24,31"
6.354326009750366,0.0,794.972839,17.0,2.0,2.0,"31,0,26,26,26,13,13,12,27,19,19,1,1,17,17,21,25,23,30,20,17,17,17"
6.390861749649048,0.0,780.777893,12.0,9.0,1.0,"18,25,4,4,4,4,4,12,12,27,5,5,5,17,17,30,3,23,20,22,17,17,17"
6.420976400375366,0.8465,709.886414,22.0,1.0,0.0,"22,22,22,22,22,26,26,20,20,24,24,16,19,31,31,23,13,28,28,28,28,28,28"
6.4247095584869385,0.8465,703.7052,22.0,1.0,0.0,"22,22,22,22,22,26,26,20,20,24,24,16,19,31,31,23,13,28,28,28,29,29,29"
6.429357528686523,0.0,783.290405,20.0,1.0,1.0,"31,26,26,22,22,22,22,25,1,14,16,18,29,17,17,21,28,23,0,20,17,17,17"
6.437978029251099,0.0,735.429504,21.0,2.0,0.0,"31,26,26,22,22,22,22,25,27,24,16,7,29,17,17,21,1,23,23,20,17,17,17"
6.509413480758667,0.8465,695.35199,22.0,1.0,0.0,"22,22,22,22,22,26,26,20,20,27,27,29,19,31,31,1,18,18,18,18,18,18,18"
6.51136589050293,0.0,719.806335,23.0,0.0,0.0,"31,26,26,22,22,22,22,25,27,24,16,18,29,17,17,21,21,23,23,20,17,17,17"
6.5455286502838135,0.0,715.307495,23.0,0.0,0.0,"31,26,26,22,22,22,22,27,27,24,16,18,29,17,17,21,21,23,23,20,17,17,17"
6.622398853302002,0.8465,699.409607,17.0,4.0,1.0,"10,5,5,5,5,4,30,30,17,27,28,28,22,18,19,19,19,25,25,25,25,25,25"
6.7796642780303955,0.8465,700.41156,23.0,0.0,0.0,"22,22,22,22,22,26,26,20,20,27,27,29,19,31,31,23,18,18,18,18,18,18,18"
6.792316198348999,0.0,777.971375,21.0,0.0,1.0,"31,26,26,22,22,22,22,25,1,19,16,18,29,17,17,21,28,23,0,20,17,17,17"
6.801126718521118,0.0,769.134094,4.0,15.0,2.0,"6,0,0,0,0,0,0,7,7,13,13,13,13,1,17,2,2,2,2,11,17,17,17"
6.869958877563477,0.1025,868.874207,9.0,6.0,4.0,"18,15,15,28,28,28,1,12,16,6,6,6,6,9,17,10,13,0,14,11,17,17,31"
6.906413793563843,0.1095,828.091187,3.0,18.0,1.0,"6,0,15,15,15,15,15,14,14,13,13,13,13,4,17,2,2,2,2,24,17,8,8"
6.924318790435791,0.8465,699.186279,18.0,3.0,1.0,"29,5,5,5,5,4,30,30,17,27,28,28,20,18,25,25,25,25,25,25,25,25,25"
6.926121711730957,0.1025,892.070251,6.0,13.0,2.0,"18,8,15,15,15,15,15,12,12,12,12,12,7,7,17,10,22,0,9,11,17,17,31"
6.963474988937378,0.0,819.652832,10.0,7.0,3.0,"7,7,15,14,28,28,28,12,9,1,1,1,1,21,17,2,6,23,27,8,17,17,17"
7.10113263130188,0.8465,705.681702,21.0,2.0,0.0,"22,22,22,22,22,26,26,20,20,27,27,27,19,31,31,23,16,16,16,16,16,13,13"
7.120764970779419,0.8465,693.002563,23.0,0.0,0.0,"22,22,22,22,22,26,26,20,20,27,27,27,19,31,31,23,16,16,16,16,16,16,16"
7.189846754074097,0.1095,864.358704,16.0,3.0,2.0,"31,0,18,26,25,25,25,12,27,19,9,16,14,17,17,21,28,23,30,15,17,1,1"
7.2158894538879395,0.1095,856.927856,16.0,3.0,2.0,"6,8,18,28,28,28,14,16,27,25,9,2,15,20,17,21,23,23,30,0,17,24,31"
7.566591024398804,0.0,808.063171,13.0,4.0,3.0,"4,27,21,28,26,26,12,12,16,16,23,23,1,1,17,10,13,0,14,11,17,17,17"
7.618135452270508,0.0,790.103516,5.0,16.0,1.0,"15,15,15,15,15,15,15,15,23,9,1,1,1,1,17,8,8,8,6,6,17,17,17"
7.633864402770996,0.1025,886.018066,6.0,13.0,2.0,"6,29,15,15,15,15,15,12,9,9,9,7,7,7,17,2,13,0,30,11,17,17,31"
7.637017250061035,0.1025,876.909973,5.0,18.0,0.0,"6,0,15,15,15,15,15,15,9,9,9,3,3,3,17,12,12,12,30,11,17,17,21"
7.649364948272705,0.0,850.649231,15.0,2.0,3.0,"30,27,15,28,22,22,12,12,16,16,23,23,26,29,17,10,13,7,14,11,17,17,17"
7.661520719528198,0.0,872.637207,8.0,7.0,4.0,"30,15,27,27,27,12,1,3,3,3,9,9,9,9,17,10,13,0,14,11,17,17,17"
7.683262348175049,0.1095,827.897827,3.0,14.0,3.0,"6,23,15,15,15,15,15,9,9,9,9,0,0,0,17,10,13,14,14,11,17,7,7"
7.808300733566284,0.0,865.854248,5.0,12.0,3.0,"18,15,15,15,15,15,1,3,3,3,9,9,9,9,17,10,13,0,14,11,17,17,17"
7.9622743129730225,0.0,958.228577,12.0,5.0,3.0,"6,8,18,26,5,25,12,2,13,19,9,9,9,9,17,21,28,3,30,20,17,17,17"
8.06375241279602,0.1095,886.100891,12.0,5.0,3.0,"6,8,18,26,1,1,15,14,27,27,3,2,2,9,17,21,28,23,30,11,17,24,31"
8.154446601867676,0.0,905.765625,5.0,18.0,0.0,"26,15,15,15,15,15,15,15,15,9,11,11,11,11,17,2,2,2,6,6,17,17,17"
8.169903993606567,0.0,851.998291,5.0,18.0,0.0,"26,15,15,15,15,15,15,15,15,9,11,11,11,11,17,3,3,3,6,6,17,17,17"
8.175176858901978,0.0,888.183594,4.0,19.0,0.0,"15,15,15,15,15,15,15,15,15,9,11,11,11,11,17,2,2,2,6,6,17,17,17"
8.20973014831543,0.0,811.903137,6.0,15.0,1.0,"26,15,15,15,15,15,15,15,15,9,1,1,1,1,17,8,8,8,6,23,17,17,17"
8.370323896408081,0.0,821.532471,14.0,5.0,2.0,"6,5,3,26,30,4,4,12,7,19,24,24,24,17,17,8,8,27,20,20,17,17,17"
8.457683324813843,0.0,832.200012,5.0,14.0,2.0,"6,0,1,1,1,1,1,1,9,9,9,3,3,3,17,2,2,2,30,11,17,17,17"
8.51284909248352,0.0,834.440369,16.0,3.0,2.0,"6,5,3,26,26,4,4,12,7,19,25,25,25,17,17,21,28,18,20,20,17,17,17"
8.532437086105347,0.0,846.644043,11.0,8.0,2.0,"7,22,15,14,14,14,14,4,9,9,9,20,20,6,17,2,25,23,30,28,17,17,17"
8.749939680099487,0.0,822.777283,14.0,3.0,3.0,"6,5,3,26,26,4,4,12,7,19,24,24,24,2,17,21,8,27,20,20,17,17,17"
8.851194381713867,0.0,812.86438,15.0,2.0,3.0,"6,5,3,26,26,4,4,12,7,19,25,25,25,2,17,21,28,27,20,20,17,17,17"
9.075429916381836,0.0,911.620605,6.0,11.0,3.0,"7,7,15,14,14,14,14,12,9,9,9,9,9,6,17,2,25,23,8,8,17,17,17"
9.236845970153809,0.0,774.959412,9.0,12.0,1.0,"15,15,15,15,15,15,15,15,27,27,14,14,14,14,17,21,2,23,30,11,17,17,17"
9.479186296463013,0.0,906.788879,6.0,13.0,2.0,"6,24,15,15,10,10,10,23,14,9,9,9,9,9,17,2,2,2,11,11,17,17,17"
9.598302841186523,0.1095,876.889465,2.0,21.0,0.0,"6,15,15,15,15,15,15,15,15,13,13,13,13,13,17,2,2,2,2,1,17,8,8"
9.622186422348022,0.0,843.204163,5.0,18.0,0.0,"6,15,15,15,15,15,15,15,15,13,13,13,13,13,17,2,2,2,30,11,17,17,17"
9.625007629394531,0.1095,855.639832,3.0,20.0,0.0,"6,23,15,15,15,15,15,15,15,13,13,13,13,13,17,2,2,2,2,1,17,8,8"
9.643179416656494,0.1095,892.354675,2.0,19.0,1.0,"6,15,15,15,15,15,15,15,15,13,13,13,13,13,17,7,7,7,7,1,17,8,8"
9.646185398101807,0.1095,877.002197,2.0,19.0,1.0,"6,0,15,15,15,15,15,15,15,13,13,13,13,13,17,2,2,2,2,1,17,8,8"
9.678788661956787,0.1095,885.291626,2.0,17.0,2.0,"6,0,15,15,15,15,15,15,15,13,13,13,13,13,17,7,7,7,7,1,17,8,8"
9.702131271362305,0.1095,882.489258,4.0,19.0,0.0,"6,0,15,15,15,15,15,15,15,13,13,13,13,13,17,2,2,2,26,24,17,8,8"
9.71427607536316,0.1095,872.599487,4.0,19.0,0.0,"6,0,15,15,15,15,15,15,15,13,13,13,13,13,17,2,2,2,2,24,17,8,16"
9.78353214263916,0.1095,858.875671,3.0,16.0,2.0,"6,0,15,15,15,15,15,14,14,13,13,13,13,13,17,2,2,2,2,24,17,7,7"
9.816678762435913,0.0,888.914062,6.0,11.0,3.0,"7,7,15,14,14,14,14,12,9,1,1,1,1,1,17,2,6,23,27,8,17,17,17"
10.051670551300049,0.0,788.483704,11.0,10.0,1.0,"30,30,3,3,3,3,3,3,3,22,21,21,29,29,17,2,2,2,2,2,17,17,17"
10.10459280014038,0.0,840.297913,12.0,5.0,3.0,"4,31,15,28,1,1,12,12,16,16,23,23,26,26,17,10,13,7,14,11,17,17,17"
10.142800331115723,0.0,787.776428,11.0,10.0,1.0,"6,6,3,3,3,3,3,23,23,22,21,21,29,29,17,2,2,2,2,2,17,17,17"
10.162641525268555,0.1025,841.09137,11.0,4.0,4.0,"18,15,15,15,15,15,1,12,16,16,20,20,24,24,17,10,13,0,14,11,17,17,31"
10.346687316894531,0.1025,934.991882,10.0,3.0,5.0,"18,8,15,15,15,4,1,12,16,16,16,16,26,9,17,10,13,0,14,11,17,17,31"
10.38518762588501,0.0,827.687073,16.0,3.0,2.0,"30,27,28,28,22,22,12,12,16,16,23,23,26,26,17,10,13,7,4,11,17,17,17"
10.396298170089722,0.0,825.256653,16.0,3.0,2.0,"30,27,28,28,22,22,12,12,16,16,23,23,26,26,17,10,13,7,14,11,17,17,17"
10.423290014266968,0.1025,841.200806,17.0,0.0,3.0,"18,18,18,18,18,18,1,12,16,16,20,20,24,24,17,10,13,0,29,11,17,17,31"
10.528898477554321,0.1025,831.295349,16.0,1.0,3.0,"18,18,18,18,18,18,1,12,16,16,20,20,24,24,17,10,13,0,14,11,17,17,31"
10.650148868560791,0.0,870.520325,16.0,1.0,3.0,"6,8,28,28,28,3,1,24,29,25,9,2,17,17,17,21,23,23,23,0,17,17,17"
10.735170841217041,0.1095,869.12677,18.0,1.0,2.0,"6,8,28,28,28,3,24,24,27,25,9,2,17,17,17,21,23,23,23,23,17,31,31"
10.809251070022583,0.1095,942.560059,15.0,0.0,4.0,"6,8,19,28,28,3,1,16,7,25,9,2,17,17,17,21,23,23,23,0,17,24,31"
10.898256778717041,0.1095,890.508545,15.0,0.0,4.0,"6,8,19,28,22,3,1,16,7,25,9,2,17,17,17,21,23,23,23,0,17,24,31"
11.291407346725464,0.0,957.236023,18.0,1.0,2.0,"31,26,26,26,26,26,26,26,8,19,14,9,29,17,17,21,15,23,1,20,17,17,17"
11.490906953811646,0.1025,1029.687561,4.0,13.0,3.0,"6,23,15,15,15,15,15,12,9,9,9,9,9,9,17,10,1,0,14,11,17,17,2"
11.53429913520813,0.1025,985.374756,3.0,14.0,3.0,"6,15,15,15,15,15,15,12,9,9,9,9,9,9,17,10,13,0,14,11,17,17,2"
11.668004035949707,0.1095,1007.099548,3.0,12.0,4.0,"6,23,15,15,15,15,15,12,9,9,9,9,9,9,17,10,13,14,14,11,17,7,7"
11.801961421966553,0.1025,1001.904053,5.0,10.0,4.0,"6,23,15,15,15,15,15,12,9,9,9,9,9,9,17,10,13,8,14,11,17,17,31"
12.02055025100708,0.1025,1006.362244,4.0,11.0,4.0,"6,23,15,8,8,8,8,12,9,9,9,9,9,9,17,10,13,0,14,11,17,17,2"
12.273071050643921,0.1025,936.9823,18.0,1.0,2.0,"18,18,18,18,18,18,29,16,16,16,16,16,12,12,17,10,13,26,19,11,17,17,31"
12.935052871704102,0.0,967.567017,11.0,4.0,4.0,"8,27,15,15,15,15,1,12,16,16,23,23,23,23,17,10,13,0,14,11,17,17,17"
12.956271409988403,0.1025,891.60553,14.0,1.0,4.0,"4,27,15,28,28,28,1,12,16,16,23,23,23,23,17,10,13,0,14,11,17,17,31"
15.326464891433716,0.1025,1010.620667,12.0,3.0,4.0,"15,15,15,28,28,28,1,12,16,16,16,16,16,9,17,10,13,0,14,11,17,17,31"
15.345795154571533,0.1025,978.587219,13.0,2.0,4.0,"18,15,15,28,28,28,1,12,16,16,16,16,16,9,17,10,13,0,14,11,17,17,31"
15.393341302871704,0.1025,973.309387,12.0,1.0,5.0,"18,8,15,15,29,29,1,12,16,16,16,16,16,9,17,10,13,0,14,11,17,17,31"
16.61009383201599,0.0,978.169189,14.0,1.0,4.0,"27,9,18,3,1,30,24,21,8,17,17,17,17,17,17,2,2,0,10,11,17,17,17"
20.53491973876953,0.0,1030.6604,17.0,0.0,3.0,"27,25,22,10,16,13,31,8,17,17,17,17,17,17,17,28,9,20,12,11,17,17,17"
20.576114416122437,0.0,1034.651001,19.0,0.0,2.0,"18,10,21,16,8,28,29,31,17,17,17,17,17,17,17,23,9,20,26,11,17,17,17"
